{
  "metadata": {
    "project": "guazi_app_data_system",
    "mode": "device_real_mainline",
    "field_scope": "contract_only"
  },
  "status": "S10_TO_S11_RECOGNITION_FAILED",
  "issue_code": "S10_TO_S11_RECOGNITION_FAILED",
  "issue_context": {
    "click_strategy": "text_node_bounds",
    "clicked_text": "福特 福克斯 2017款 两厢 1.6L 自动舒适型智行版",
    "clicked_node_bounds": [
      429,
      997,
      1196,
      1121
    ],
    "clicked_point": [
      812,
      1059
    ],
    "current_reference": {
      "reference_index": 1,
      "reference_key": "1:福特 福克斯 2017款 两厢 1.6L 自动舒适型智行版:2017年 | 7.81万公里 | 唐山:2.52万",
      "list_title": "福特 福克斯 2017款 两厢 1.6L 自动舒适型智行版",
      "list_price_text": "2.52万",
      "list_price_10k": 2.52,
      "list_year": 2017,
      "list_mileage_10k_km": 7.81,
      "clicked_card_bounds": [
        429,
        997,
        1196,
        1121
      ],
      "clicked_card_text_digest": [
        "ignore-error,i_1",
        "福特 福克斯 2017款 两厢 1.6L 自动舒适型智行版",
        "2017年 | 7.81万公里 | 唐山",
        "第1名",
        "qnbdp1066x4044847e03f444c996257e1f3f62b4351729221436",
        "2.52",
        "万",
        "已减4100元",
        "首付0.25万"
      ],
      "s10_screenshot_path": "C:\\Users\\lzc93\\Desktop\\定价\\guazi_app_data_system\\artifacts\\screenshots\\s10_s16_start_20260507_175734.png",
      "s10_xml_path": "C:\\Users\\lzc93\\Desktop\\定价\\guazi_app_data_system\\artifacts\\debug\\s10_s16_start_20260507_175734.xml",
      "click_strategy": "text_node_bounds",
      "clicked_text": "福特 福克斯 2017款 两厢 1.6L 自动舒适型智行版",
      "clicked_node_bounds": [
        429,
        997,
        1196,
        1121
      ],
      "clicked_point": [
        812,
        1059
      ],
      "title_candidate_count": 5,
      "matched_candidate_count": 1,
      "s10_to_s11_wait": {
        "entered_s11": false,
        "wait_rounds": [
          {
            "wait_round_index": 1,
            "screenshot_path": "C:\\Users\\lzc93\\Desktop\\定价\\guazi_app_data_system\\artifacts\\screenshots\\s10_to_s11_pre_dump_3_20260507_175740.png",
            "xml_path": "C:\\Users\\lzc93\\Desktop\\定价\\guazi_app_data_system\\artifacts\\debug\\s10_to_s11_20260507_175741_full_fallback.xml",
            "screenshot_ms": 749,
            "xml_dump_ms": 10987,
            "s10_to_s11_xml_dump_mode": "compressed_then_full",
            "compressed_xml_dump_ms": 7747,
            "full_xml_dump_ms": 3240,
            "compressed_xml_dump_command": "uiautomator dump --compressed",
            "full_xml_dump_command": "uiautomator dump",
            "compressed_xml_dump_rc": 0,
            "full_xml_dump_rc": 0,
            "compressed_xml_path": "C:\\Users\\lzc93\\Desktop\\定价\\guazi_app_data_system\\artifacts\\debug\\s10_to_s11_20260507_175741_compressed.xml",
            "full_xml_path": "C:\\Users\\lzc93\\Desktop\\定价\\guazi_app_data_system\\artifacts\\debug\\s10_to_s11_20260507_175741_full_fallback.xml",
            "compressed_xml_size": 32802,
            "full_xml_size": 85463,
            "compressed_node_count": 96,
            "full_node_count": 252,
            "compressed_recognized_page": "S10",
            "full_recognized_page": "S10",
            "compressed_s11_contract_hit": false,
            "full_s11_contract_hit": false,
            "fallback_reason": "compressed_not_s11",
            "pre_dump_strategy": "visual_stabilize_before_dump",
            "pre_dump_stabilize_enabled": true,
            "pre_dump_stabilize_rounds": 3,
            "pre_dump_stabilize_total_ms": 2973,
            "pre_dump_stabilize_ms": 2973,
            "pre_dump_visual_stable": false,
            "dump_started_after_visual_stable": false,
            "dump_started_after_max_wait": true,
            "pre_dump_stabilize_max_wait_ms": 2000,
            "pre_dump_stabilize_interval_ms": 400,
            "pre_dump_stable_rounds_required": 2,
            "pre_dump_stabilize_round_details": [
              {
                "round_index": 1,
                "screenshot_path": "C:\\Users\\lzc93\\Desktop\\定价\\guazi_app_data_system\\artifacts\\screenshots\\s10_to_s11_pre_dump_1_20260507_175738.png",
                "screenshot_ms": 344,
                "dumpsys_ms": 121,
                "focused_window": "com.ganji.android.haoche_c/com.cars.beetle.mp.brl.rn.biz.ReactNativeFragmentActivity",
                "foreground_package": "com.ganji.android.haoche_c",
                "resumed_activity": "",
                "screenshot_changed_from_s10": true,
                "same_as_previous_round": false,
                "stable_observation_count": 1,
                "visual_stable": false
              },
              {
                "round_index": 2,
                "screenshot_path": "C:\\Users\\lzc93\\Desktop\\定价\\guazi_app_data_system\\artifacts\\screenshots\\s10_to_s11_pre_dump_2_20260507_175739.png",
                "screenshot_ms": 410,
                "dumpsys_ms": 124,
                "focused_window": "com.ganji.android.haoche_c/com.cars.beetle.mp.brl.rn.biz.ReactNativeFragmentActivity",
                "foreground_package": "com.ganji.android.haoche_c",
                "resumed_activity": "",
                "screenshot_changed_from_s10": true,
                "same_as_previous_round": false,
                "stable_observation_count": 1,
                "visual_stable": false
              },
              {
                "round_index": 3,
                "screenshot_path": "C:\\Users\\lzc93\\Desktop\\定价\\guazi_app_data_system\\artifacts\\screenshots\\s10_to_s11_pre_dump_3_20260507_175740.png",
                "screenshot_ms": 749,
                "dumpsys_ms": 126,
                "focused_window": "com.ganji.android.haoche_c/com.cars.beetle.mp.brl.rn.biz.ReactNativeFragmentActivity",
                "foreground_package": "com.ganji.android.haoche_c",
                "resumed_activity": "",
                "screenshot_changed_from_s10": true,
                "same_as_previous_round": false,
                "stable_observation_count": 1,
                "visual_stable": false
              }
            ],
            "s10_to_s11_total_fresh_ms": 13960,
            "screenshot_reused_from_pre_dump": true,
            "dump_started_after_visual_change": true,
            "page_load_visual_state": "changed_from_s10",
            "xml_rc": 0,
            "xml_stderr": "",
            "dumpsys_ms": 126,
            "capture_total_ms": 11066,
            "recognize_ms": 0,
            "before_xml_sha256": "cbfe0615a11a3ceaf904e3d786953f887e88b3ab863d37da1f329f5bd6e7c451",
            "current_xml_sha256": "98823575d1f1a296eadebc71f11ae3d2442fe1be6412ac09f6d99f22ddab20a7",
            "xml_stale": false,
            "screenshot_changed": true,
            "recognized_page": "S10",
            "visible_text_digest": [
              "图片",
              "亮点",
              "检测",
              "1 / 23",
              "低价车",
              "8新·B",
              "2.52万",
              "2.55万",
              "2.75万",
              "2.52",
              "万",
              "新车含税价13.80万",
              "共优惠",
              "4100元",
              "订金2000元锁定补贴 现场试驾优先提车",
              "活动规则",
              "1成首付0.25万起，月供206元起",
              "更多方案",
              "福",
              "特",
              "克",
              "斯",
              "2",
              "0",
              "1",
              "7",
              "款",
              "两",
              "厢",
              ".",
              "6",
              "L",
              "自",
              "动",
              "舒",
              "适",
              "型",
              "智",
              "行",
              "版"
            ],
            "foreground_package": "com.ganji.android.haoche_c",
            "focused_window": "com.ganji.android.haoche_c/com.cars.beetle.mp.brl.rn.biz.ReactNativeFragmentActivity",
            "activity": ""
          },
          {
            "wait_round_index": 2,
            "screenshot_path": "C:\\Users\\lzc93\\Desktop\\定价\\guazi_app_data_system\\artifacts\\screenshots\\s10_to_s11_pre_dump_2_20260507_175754.png",
            "xml_path": "C:\\Users\\lzc93\\Desktop\\定价\\guazi_app_data_system\\artifacts\\debug\\s10_to_s11_20260507_175755_full_fallback.xml",
            "screenshot_ms": 720,
            "xml_dump_ms": 10332,
            "s10_to_s11_xml_dump_mode": "compressed_then_full",
            "compressed_xml_dump_ms": 5179,
            "full_xml_dump_ms": 5153,
            "compressed_xml_dump_command": "uiautomator dump --compressed",
            "full_xml_dump_command": "uiautomator dump",
            "compressed_xml_dump_rc": 0,
            "full_xml_dump_rc": 0,
            "compressed_xml_path": "C:\\Users\\lzc93\\Desktop\\定价\\guazi_app_data_system\\artifacts\\debug\\s10_to_s11_20260507_175755_compressed.xml",
            "full_xml_path": "C:\\Users\\lzc93\\Desktop\\定价\\guazi_app_data_system\\artifacts\\debug\\s10_to_s11_20260507_175755_full_fallback.xml",
            "compressed_xml_size": 32802,
            "full_xml_size": 85463,
            "compressed_node_count": 96,
            "full_node_count": 252,
            "compressed_recognized_page": "S10",
            "full_recognized_page": "S10",
            "compressed_s11_contract_hit": false,
            "full_s11_contract_hit": false,
            "fallback_reason": "compressed_not_s11",
            "pre_dump_strategy": "visual_stabilize_before_dump",
            "pre_dump_stabilize_enabled": true,
            "pre_dump_stabilize_rounds": 2,
            "pre_dump_stabilize_total_ms": 2698,
            "pre_dump_stabilize_ms": 2698,
            "pre_dump_visual_stable": false,
            "dump_started_after_visual_stable": false,
            "dump_started_after_max_wait": true,
            "pre_dump_stabilize_max_wait_ms": 2000,
            "pre_dump_stabilize_interval_ms": 400,
            "pre_dump_stable_rounds_required": 2,
            "pre_dump_stabilize_round_details": [
              {
                "round_index": 1,
                "screenshot_path": "C:\\Users\\lzc93\\Desktop\\定价\\guazi_app_data_system\\artifacts\\screenshots\\s10_to_s11_pre_dump_1_20260507_175753.png",
                "screenshot_ms": 714,
                "dumpsys_ms": 125,
                "focused_window": "com.ganji.android.haoche_c/com.cars.beetle.mp.brl.rn.biz.ReactNativeFragmentActivity",
                "foreground_package": "com.ganji.android.haoche_c",
                "resumed_activity": "",
                "screenshot_changed_from_s10": true,
                "same_as_previous_round": false,
                "stable_observation_count": 1,
                "visual_stable": false
              },
              {
                "round_index": 2,
                "screenshot_path": "C:\\Users\\lzc93\\Desktop\\定价\\guazi_app_data_system\\artifacts\\screenshots\\s10_to_s11_pre_dump_2_20260507_175754.png",
                "screenshot_ms": 720,
                "dumpsys_ms": 126,
                "focused_window": "com.ganji.android.haoche_c/com.cars.beetle.mp.brl.rn.biz.ReactNativeFragmentActivity",
                "foreground_package": "com.ganji.android.haoche_c",
                "resumed_activity": "",
                "screenshot_changed_from_s10": true,
                "same_as_previous_round": false,
                "stable_observation_count": 1,
                "visual_stable": false
              }
            ],
            "s10_to_s11_total_fresh_ms": 13030,
            "screenshot_reused_from_pre_dump": true,
            "dump_started_after_visual_change": true,
            "page_load_visual_state": "changed_from_s10",
            "xml_rc": 0,
            "xml_stderr": "",
            "dumpsys_ms": 126,
            "capture_total_ms": 10415,
            "recognize_ms": 0,
            "before_xml_sha256": "cbfe0615a11a3ceaf904e3d786953f887e88b3ab863d37da1f329f5bd6e7c451",
            "current_xml_sha256": "98823575d1f1a296eadebc71f11ae3d2442fe1be6412ac09f6d99f22ddab20a7",
            "xml_stale": false,
            "screenshot_changed": true,
            "recognized_page": "S10",
            "visible_text_digest": [
              "图片",
              "亮点",
              "检测",
              "1 / 23",
              "低价车",
              "8新·B",
              "2.52万",
              "2.55万",
              "2.75万",
              "2.52",
              "万",
              "新车含税价13.80万",
              "共优惠",
              "4100元",
              "订金2000元锁定补贴 现场试驾优先提车",
              "活动规则",
              "1成首付0.25万起，月供206元起",
              "更多方案",
              "福",
              "特",
              "克",
              "斯",
              "2",
              "0",
              "1",
              "7",
              "款",
              "两",
              "厢",
              ".",
              "6",
              "L",
              "自",
              "动",
              "舒",
              "适",
              "型",
              "智",
              "行",
              "版"
            ],
            "foreground_package": "com.ganji.android.haoche_c",
            "focused_window": "com.ganji.android.haoche_c/com.cars.beetle.mp.brl.rn.biz.ReactNativeFragmentActivity",
            "activity": ""
          }
        ],
        "wait_round_count": 2,
        "before_xml_sha256": "cbfe0615a11a3ceaf904e3d786953f887e88b3ab863d37da1f329f5bd6e7c451",
        "xml_stale_during_detail_load": false,
        "any_screenshot_changed": true,
        "any_xml_changed": true,
        "short_poll_interval_s": 0.5,
        "total_wait_timeout_s": 15.0
      }
    },
    "s10_to_s11_wait": {
      "entered_s11": false,
      "wait_rounds": [
        {
          "wait_round_index": 1,
          "screenshot_path": "C:\\Users\\lzc93\\Desktop\\定价\\guazi_app_data_system\\artifacts\\screenshots\\s10_to_s11_pre_dump_3_20260507_175740.png",
          "xml_path": "C:\\Users\\lzc93\\Desktop\\定价\\guazi_app_data_system\\artifacts\\debug\\s10_to_s11_20260507_175741_full_fallback.xml",
          "screenshot_ms": 749,
          "xml_dump_ms": 10987,
          "s10_to_s11_xml_dump_mode": "compressed_then_full",
          "compressed_xml_dump_ms": 7747,
          "full_xml_dump_ms": 3240,
          "compressed_xml_dump_command": "uiautomator dump --compressed",
          "full_xml_dump_command": "uiautomator dump",
          "compressed_xml_dump_rc": 0,
          "full_xml_dump_rc": 0,
          "compressed_xml_path": "C:\\Users\\lzc93\\Desktop\\定价\\guazi_app_data_system\\artifacts\\debug\\s10_to_s11_20260507_175741_compressed.xml",
          "full_xml_path": "C:\\Users\\lzc93\\Desktop\\定价\\guazi_app_data_system\\artifacts\\debug\\s10_to_s11_20260507_175741_full_fallback.xml",
          "compressed_xml_size": 32802,
          "full_xml_size": 85463,
          "compressed_node_count": 96,
          "full_node_count": 252,
          "compressed_recognized_page": "S10",
          "full_recognized_page": "S10",
          "compressed_s11_contract_hit": false,
          "full_s11_contract_hit": false,
          "fallback_reason": "compressed_not_s11",
          "pre_dump_strategy": "visual_stabilize_before_dump",
          "pre_dump_stabilize_enabled": true,
          "pre_dump_stabilize_rounds": 3,
          "pre_dump_stabilize_total_ms": 2973,
          "pre_dump_stabilize_ms": 2973,
          "pre_dump_visual_stable": false,
          "dump_started_after_visual_stable": false,
          "dump_started_after_max_wait": true,
          "pre_dump_stabilize_max_wait_ms": 2000,
          "pre_dump_stabilize_interval_ms": 400,
          "pre_dump_stable_rounds_required": 2,
          "pre_dump_stabilize_round_details": [
            {
              "round_index": 1,
              "screenshot_path": "C:\\Users\\lzc93\\Desktop\\定价\\guazi_app_data_system\\artifacts\\screenshots\\s10_to_s11_pre_dump_1_20260507_175738.png",
              "screenshot_ms": 344,
              "dumpsys_ms": 121,
              "focused_window": "com.ganji.android.haoche_c/com.cars.beetle.mp.brl.rn.biz.ReactNativeFragmentActivity",
              "foreground_package": "com.ganji.android.haoche_c",
              "resumed_activity": "",
              "screenshot_changed_from_s10": true,
              "same_as_previous_round": false,
              "stable_observation_count": 1,
              "visual_stable": false
            },
            {
              "round_index": 2,
              "screenshot_path": "C:\\Users\\lzc93\\Desktop\\定价\\guazi_app_data_system\\artifacts\\screenshots\\s10_to_s11_pre_dump_2_20260507_175739.png",
              "screenshot_ms": 410,
              "dumpsys_ms": 124,
              "focused_window": "com.ganji.android.haoche_c/com.cars.beetle.mp.brl.rn.biz.ReactNativeFragmentActivity",
              "foreground_package": "com.ganji.android.haoche_c",
              "resumed_activity": "",
              "screenshot_changed_from_s10": true,
              "same_as_previous_round": false,
              "stable_observation_count": 1,
              "visual_stable": false
            },
            {
              "round_index": 3,
              "screenshot_path": "C:\\Users\\lzc93\\Desktop\\定价\\guazi_app_data_system\\artifacts\\screenshots\\s10_to_s11_pre_dump_3_20260507_175740.png",
              "screenshot_ms": 749,
              "dumpsys_ms": 126,
              "focused_window": "com.ganji.android.haoche_c/com.cars.beetle.mp.brl.rn.biz.ReactNativeFragmentActivity",
              "foreground_package": "com.ganji.android.haoche_c",
              "resumed_activity": "",
              "screenshot_changed_from_s10": true,
              "same_as_previous_round": false,
              "stable_observation_count": 1,
              "visual_stable": false
            }
          ],
          "s10_to_s11_total_fresh_ms": 13960,
          "screenshot_reused_from_pre_dump": true,
          "dump_started_after_visual_change": true,
          "page_load_visual_state": "changed_from_s10",
          "xml_rc": 0,
          "xml_stderr": "",
          "dumpsys_ms": 126,
          "capture_total_ms": 11066,
          "recognize_ms": 0,
          "before_xml_sha256": "cbfe0615a11a3ceaf904e3d786953f887e88b3ab863d37da1f329f5bd6e7c451",
          "current_xml_sha256": "98823575d1f1a296eadebc71f11ae3d2442fe1be6412ac09f6d99f22ddab20a7",
          "xml_stale": false,
          "screenshot_changed": true,
          "recognized_page": "S10",
          "visible_text_digest": [
            "图片",
            "亮点",
            "检测",
            "1 / 23",
            "低价车",
            "8新·B",
            "2.52万",
            "2.55万",
            "2.75万",
            "2.52",
            "万",
            "新车含税价13.80万",
            "共优惠",
            "4100元",
            "订金2000元锁定补贴 现场试驾优先提车",
            "活动规则",
            "1成首付0.25万起，月供206元起",
            "更多方案",
            "福",
            "特",
            "克",
            "斯",
            "2",
            "0",
            "1",
            "7",
            "款",
            "两",
            "厢",
            ".",
            "6",
            "L",
            "自",
            "动",
            "舒",
            "适",
            "型",
            "智",
            "行",
            "版"
          ],
          "foreground_package": "com.ganji.android.haoche_c",
          "focused_window": "com.ganji.android.haoche_c/com.cars.beetle.mp.brl.rn.biz.ReactNativeFragmentActivity",
          "activity": ""
        },
        {
          "wait_round_index": 2,
          "screenshot_path": "C:\\Users\\lzc93\\Desktop\\定价\\guazi_app_data_system\\artifacts\\screenshots\\s10_to_s11_pre_dump_2_20260507_175754.png",
          "xml_path": "C:\\Users\\lzc93\\Desktop\\定价\\guazi_app_data_system\\artifacts\\debug\\s10_to_s11_20260507_175755_full_fallback.xml",
          "screenshot_ms": 720,
          "xml_dump_ms": 10332,
          "s10_to_s11_xml_dump_mode": "compressed_then_full",
          "compressed_xml_dump_ms": 5179,
          "full_xml_dump_ms": 5153,
          "compressed_xml_dump_command": "uiautomator dump --compressed",
          "full_xml_dump_command": "uiautomator dump",
          "compressed_xml_dump_rc": 0,
          "full_xml_dump_rc": 0,
          "compressed_xml_path": "C:\\Users\\lzc93\\Desktop\\定价\\guazi_app_data_system\\artifacts\\debug\\s10_to_s11_20260507_175755_compressed.xml",
          "full_xml_path": "C:\\Users\\lzc93\\Desktop\\定价\\guazi_app_data_system\\artifacts\\debug\\s10_to_s11_20260507_175755_full_fallback.xml",
          "compressed_xml_size": 32802,
          "full_xml_size": 85463,
          "compressed_node_count": 96,
          "full_node_count": 252,
          "compressed_recognized_page": "S10",
          "full_recognized_page": "S10",
          "compressed_s11_contract_hit": false,
          "full_s11_contract_hit": false,
          "fallback_reason": "compressed_not_s11",
          "pre_dump_strategy": "visual_stabilize_before_dump",
          "pre_dump_stabilize_enabled": true,
          "pre_dump_stabilize_rounds": 2,
          "pre_dump_stabilize_total_ms": 2698,
          "pre_dump_stabilize_ms": 2698,
          "pre_dump_visual_stable": false,
          "dump_started_after_visual_stable": false,
          "dump_started_after_max_wait": true,
          "pre_dump_stabilize_max_wait_ms": 2000,
          "pre_dump_stabilize_interval_ms": 400,
          "pre_dump_stable_rounds_required": 2,
          "pre_dump_stabilize_round_details": [
            {
              "round_index": 1,
              "screenshot_path": "C:\\Users\\lzc93\\Desktop\\定价\\guazi_app_data_system\\artifacts\\screenshots\\s10_to_s11_pre_dump_1_20260507_175753.png",
              "screenshot_ms": 714,
              "dumpsys_ms": 125,
              "focused_window": "com.ganji.android.haoche_c/com.cars.beetle.mp.brl.rn.biz.ReactNativeFragmentActivity",
              "foreground_package": "com.ganji.android.haoche_c",
              "resumed_activity": "",
              "screenshot_changed_from_s10": true,
              "same_as_previous_round": false,
              "stable_observation_count": 1,
              "visual_stable": false
            },
            {
              "round_index": 2,
              "screenshot_path": "C:\\Users\\lzc93\\Desktop\\定价\\guazi_app_data_system\\artifacts\\screenshots\\s10_to_s11_pre_dump_2_20260507_175754.png",
              "screenshot_ms": 720,
              "dumpsys_ms": 126,
              "focused_window": "com.ganji.android.haoche_c/com.cars.beetle.mp.brl.rn.biz.ReactNativeFragmentActivity",
              "foreground_package": "com.ganji.android.haoche_c",
              "resumed_activity": "",
              "screenshot_changed_from_s10": true,
              "same_as_previous_round": false,
              "stable_observation_count": 1,
              "visual_stable": false
            }
          ],
          "s10_to_s11_total_fresh_ms": 13030,
          "screenshot_reused_from_pre_dump": true,
          "dump_started_after_visual_change": true,
          "page_load_visual_state": "changed_from_s10",
          "xml_rc": 0,
          "xml_stderr": "",
          "dumpsys_ms": 126,
          "capture_total_ms": 10415,
          "recognize_ms": 0,
          "before_xml_sha256": "cbfe0615a11a3ceaf904e3d786953f887e88b3ab863d37da1f329f5bd6e7c451",
          "current_xml_sha256": "98823575d1f1a296eadebc71f11ae3d2442fe1be6412ac09f6d99f22ddab20a7",
          "xml_stale": false,
          "screenshot_changed": true,
          "recognized_page": "S10",
          "visible_text_digest": [
            "图片",
            "亮点",
            "检测",
            "1 / 23",
            "低价车",
            "8新·B",
            "2.52万",
            "2.55万",
            "2.75万",
            "2.52",
            "万",
            "新车含税价13.80万",
            "共优惠",
            "4100元",
            "订金2000元锁定补贴 现场试驾优先提车",
            "活动规则",
            "1成首付0.25万起，月供206元起",
            "更多方案",
            "福",
            "特",
            "克",
            "斯",
            "2",
            "0",
            "1",
            "7",
            "款",
            "两",
            "厢",
            ".",
            "6",
            "L",
            "自",
            "动",
            "舒",
            "适",
            "型",
            "智",
            "行",
            "版"
          ],
          "foreground_package": "com.ganji.android.haoche_c",
          "focused_window": "com.ganji.android.haoche_c/com.cars.beetle.mp.brl.rn.biz.ReactNativeFragmentActivity",
          "activity": ""
        }
      ],
      "wait_round_count": 2,
      "before_xml_sha256": "cbfe0615a11a3ceaf904e3d786953f887e88b3ab863d37da1f329f5bd6e7c451",
      "xml_stale_during_detail_load": false,
      "any_screenshot_changed": true,
      "any_xml_changed": true,
      "short_poll_interval_s": 0.5,
      "total_wait_timeout_s": 15.0
    },
    "wakefulness": "Awake",
    "interactive": null,
    "display_state": "",
    "keyguard_showing": false,
    "keyguard_locked": false,
    "keyguard_secure": false,
    "foreground_package": "com.ganji.android.haoche_c",
    "resumed_activity": "",
    "focused_window": "com.ganji.android.haoche_c/com.cars.beetle.mp.brl.rn.biz.ReactNativeFragmentActivity",
    "xml_package": "com.ganji.android.haoche_c",
    "fresh_xml": "<?xml version='1.0' encoding='UTF-8' standalone='yes' ?><hierarchy rotation=\"0\"><node index=\"0\" text=\"\" resource-id=\"\" class=\"android.widget.FrameLayout\" package=\"com.ganji.android.haoche_c\" content-desc=\"\" checkable=\"false\" checked=\"false\" clickable=\"false\" enabled=\"true\" focusable=\"false\" focused=\"false\" scrollable=\"false\" long-clickable=\"false\" password=\"false\" selected=\"false\" bounds=\"[0,0][1220,2712]\"><node index=\"0\" text=\"\" resource-id=\"\" class=\"android.widget.LinearLayout\" package=\"com.ganji.android.haoche_c\" content-desc=\"\" checkable=\"false\" checked=\"false\" clickable=\"false\" enabled=\"true\" focusable=\"false\" focused=\"false\" scrollable=\"false\" long-clickable=\"false\" password=\"false\" selected=\"false\" bounds=\"[0,0][1220,2559]\"><node index=\"0\" text=\"\" resource-id=\"\" class=\"android.widget.FrameLayout\" package=\"com.ganji.android.haoche_c\" content-desc=\"\" checkable=\"false\" checked=\"false\" clickable=\"false\" enabled=\"true\" focusable=\"false\" focused=\"false\" scrollable=\"false\" long-clickable=\"false\" password=\"false\" selected=\"false\" bounds=\"[0,0][1220,2559]\"><node index=\"0\" text=\"\" resource-id=\"com.ganji.android.haoche_c:id/action_bar_root\" class=\"android.widget.LinearLayout\" package=\"com.ganji.android.haoche_c\" content-desc=\"\" checkable=\"false\" checked=\"false\" clickable=\"false\" enabled=\"true\" focusable=\"false\" focused=\"false\" scrollable=\"false\" long-clickable=\"false\" password=\"false\" selected=\"false\" bounds=\"[0,0][1220,2559]\"><node index=\"0\" text=\"\" resource-id=\"android:id/content\" class=\"android.widget.FrameLayout\" package=\"com.ganji.android.haoche_c\" content-desc=\"\" checkable=\"false\" checked=\"false\" clickable=\"false\" enabled=\"true\" focusable=\"false\" focused=\"false\" scrollable=\"false\" long-clickable=\"false\" password=\"false\" selected=\"false\" bounds=\"[0,0][1220,2559]\"><node index=\"0\" text=\"\" resource-id=\"com.ganji.android.haoche_c:id/fl_content\" class=\"android.widget.FrameLayout\" package=\"com.ganji.android.haoche_c\" content-desc=\"\" checkable=\"false\" checked=\"false\" clickable=\"false\" enabled=\"true\" focusable=\"false\" focused=\"false\" scrollable=\"false\" long-clickable=\"false\" password=\"false\" selected=\"false\" bounds=\"[0,0][1220,2559]\"><node index=\"0\" text=\"\" resource-id=\"com.ganji.android.haoche_c:id/sub_container\" class=\"android.widget.FrameLayout\" package=\"com.ganji.android.haoche_c\" content-desc=\"\" checkable=\"false\" checked=\"false\" clickable=\"false\" enabled=\"true\" focusable=\"false\" focused=\"false\" scrollable=\"false\" long-clickable=\"false\" password=\"false\" selected=\"false\" bounds=\"[0,0][1220,2559]\" /><node index=\"1\" text=\"\" resource-id=\"com.ganji.android.haoche_c:id/main_container\" class=\"android.widget.FrameLayout\" package=\"com.ganji.android.haoche_c\" content-desc=\"\" checkable=\"false\" checked=\"false\" clickable=\"false\" enabled=\"true\" focusable=\"false\" focused=\"false\" scrollable=\"false\" long-clickable=\"false\" password=\"false\" selected=\"false\" bounds=\"[0,0][1220,2559]\"><node index=\"0\" text=\"\" resource-id=\"\" class=\"android.widget.FrameLayout\" package=\"com.ganji.android.haoche_c\" content-desc=\"\" checkable=\"false\" checked=\"false\" clickable=\"true\" enabled=\"true\" focusable=\"true\" focused=\"false\" scrollable=\"false\" long-clickable=\"false\" password=\"false\" selected=\"false\" bounds=\"[0,0][1220,2559]\"><node index=\"0\" text=\"\" resource-id=\"com.ganji.android.haoche_c:id/grn_base_base_fragment_rfl\" class=\"android.widget.FrameLayout\" package=\"com.ganji.android.haoche_c\" content-desc=\"\" checkable=\"false\" checked=\"false\" clickable=\"false\" enabled=\"true\" focusable=\"false\" focused=\"false\" scrollable=\"false\" long-clickable=\"false\" password=\"false\" selected=\"false\" bounds=\"[0,0][1220,2559]\"><node index=\"0\" text=\"\" resource-id=\"\" class=\"android.widget.FrameLayout\" package=\"com.ganji.android.haoche_c\" content-desc=\"\" checkable=\"false\" checked=\"false\" clickable=\"false\" enabled=\"true\" focusable=\"false\" focused=\"false\" scrollable=\"false\" long-clickable=\"false\" password=\"false\" selected=\"false\" bounds=\"[0,0][1220,2559]\"><node index=\"0\" text=\"\" resource-id=\"\" class=\"android.view.ViewGroup\" package=\"com.ganji.android.haoche_c\" content-desc=\"\" checkable=\"false\" checked=\"false\" clickable=\"false\" enabled=\"true\" focusable=\"false\" focused=\"false\" scrollable=\"false\" long-clickable=\"false\" password=\"false\" selected=\"false\" bounds=\"[0,0][1220,2559]\"><node index=\"0\" text=\"\" resource-id=\"\" class=\"android.view.ViewGroup\" package=\"com.ganji.android.haoche_c\" content-desc=\"\" checkable=\"false\" checked=\"false\" clickable=\"false\" enabled=\"true\" focusable=\"false\" focused=\"false\" scrollable=\"false\" long-clickable=\"false\" password=\"false\" selected=\"false\" bounds=\"[0,0][1220,2559]\"><node index=\"0\" text=\"\" resource-id=\"\" class=\"android.view.ViewGroup\" package=\"com.ganji.android.haoche_c\" content-desc=\"\" checkable=\"false\" checked=\"false\" clickable=\"false\" enabled=\"true\" focusable=\"false\" focused=\"false\" scrollable=\"false\" long-clickable=\"false\" password=\"false\" selected=\"false\" bounds=\"[0,0][1220,2559]\"><node index=\"0\" text=\"\" resource-id=\"\" class=\"android.widget.ScrollView\" package=\"com.ganji.android.haoche_c\" content-desc=\"\" checkable=\"false\" checked=\"false\" clickable=\"false\" enabled=\"true\" focusable=\"true\" focused=\"false\" scrollable=\"true\" long-clickable=\"false\" password=\"false\" selected=\"false\" bounds=\"[0,0][1220,2559]\"><node index=\"0\" text=\"\" resource-id=\"\" class=\"android.view.ViewGroup\" package=\"com.ganji.android.haoche_c\" content-desc=\"\" checkable=\"false\" checked=\"false\" clickable=\"false\" enabled=\"true\" focusable=\"false\" focused=\"false\" scrollable=\"false\" long-clickable=\"false\" password=\"false\" selected=\"false\" bounds=\"[0,0][1220,2559]\"><node index=\"0\" text=\"\" resource-id=\"\" class=\"android.view.ViewGroup\" package=\"com.ganji.android.haoche_c\" content-desc=\"\" checkable=\"false\" checked=\"false\" clickable=\"false\" enabled=\"true\" focusable=\"false\" focused=\"false\" scrollable=\"false\" long-clickable=\"false\" password=\"false\" selected=\"false\" bounds=\"[0,0][1220,2559]\"><node index=\"0\" text=\"\" resource-id=\"\" class=\"android.view.ViewGroup\" package=\"com.ganji.android.haoche_c\" content-desc=\"\" checkable=\"false\" checked=\"false\" clickable=\"false\" enabled=\"true\" focusable=\"false\" focused=\"false\" scrollable=\"false\" long-clickable=\"false\" password=\"false\" selected=\"false\" bounds=\"[0,0][1220,813]\"><node index=\"0\" text=\"\" resource-id=\"\" class=\"android.view.ViewGroup\" package=\"com.ganji.android.haoche_c\" content-desc=\"\" checkable=\"false\" checked=\"false\" clickable=\"false\" enabled=\"true\" focusable=\"false\" focused=\"false\" scrollable=\"false\" long-clickable=\"false\" password=\"false\" selected=\"false\" bounds=\"[0,0][1220,813]\"><node index=\"0\" text=\"\" resource-id=\"\" class=\"android.view.ViewGroup\" package=\"com.ganji.android.haoche_c\" content-desc=\"\" checkable=\"false\" checked=\"false\" clickable=\"false\" enabled=\"true\" focusable=\"false\" focused=\"false\" scrollable=\"false\" long-clickable=\"false\" password=\"false\" selected=\"false\" bounds=\"[0,0][1220,813]\"><node index=\"0\" text=\"\" resource-id=\"\" class=\"android.view.ViewGroup\" package=\"com.ganji.android.haoche_c\" content-desc=\"\" checkable=\"false\" checked=\"false\" clickable=\"false\" enabled=\"true\" focusable=\"false\" focused=\"false\" scrollable=\"false\" long-clickable=\"false\" password=\"false\" selected=\"false\" bounds=\"[0,0][1220,813]\"><node index=\"0\" text=\"\" resource-id=\"\" class=\"android.widget.HorizontalScrollView\" package=\"com.ganji.android.haoche_c\" content-desc=\"\" checkable=\"false\" checked=\"false\" clickable=\"false\" enabled=\"true\" focusable=\"true\" focused=\"false\" scrollable=\"true\" long-clickable=\"false\" password=\"false\" selected=\"false\" bounds=\"[0,0][1220,813]\"><node index=\"0\" text=\"\" resource-id=\"\" class=\"android.view.ViewGroup\" package=\"com.ganji.android.haoche_c\" content-desc=\"\" checkable=\"false\" checked=\"false\" clickable=\"false\" enabled=\"true\" focusable=\"false\" focused=\"false\" scrollable=\"false\" long-clickable=\"false\" password=\"false\" selected=\"false\" bounds=\"[0,0][1220,813]\"><node index=\"0\" text=\"\" resource-id=\"\" class=\"android.view.ViewGroup\" package=\"com.ganji.android.haoche_c\" content-desc=\"\" checkable=\"false\" checked=\"false\" clickable=\"false\" enabled=\"true\" focusable=\"false\" focused=\"false\" scrollable=\"false\" long-clickable=\"false\" password=\"false\" selected=\"false\" bounds=\"[0,0][1220,813]\"><node index=\"0\" text=\"\" resource-id=\"\" class=\"android.view.ViewGroup\" package=\"com.ganji.android.haoche_c\" content-desc=\"\" checkable=\"false\" checked=\"false\" clickable=\"false\" enabled=\"true\" focusable=\"false\" focused=\"false\" scrollable=\"false\" long-clickable=\"false\" password=\"false\" selected=\"false\" bounds=\"[0,0][1220,813]\"><node index=\"0\" text=\"\" resource-id=\"\" class=\"android.view.ViewGroup\" package=\"com.ganji.android.haoche_c\" content-desc=\"\" checkable=\"false\" checked=\"false\" clickable=\"false\" enabled=\"true\" focusable=\"false\" focused=\"false\" scrollable=\"false\" long-clickable=\"false\" password=\"false\" selected=\"false\" bounds=\"[0,0][1220,813]\"><node index=\"0\" text=\"\" resource-id=\"\" class=\"android.view.ViewGroup\" package=\"com.ganji.android.haoche_c\" content-desc=\"\" checkable=\"false\" checked=\"false\" clickable=\"false\" enabled=\"true\" focusable=\"false\" focused=\"false\" scrollable=\"false\" long-clickable=\"false\" password=\"false\" selected=\"false\" bounds=\"[0,0][1220,813]\"><node index=\"0\" text=\"\" resource-id=\"\" class=\"android.view.ViewGroup\" package=\"com.ganji.android.haoche_c\" content-desc=\"\" checkable=\"false\" checked=\"false\" clickable=\"false\" enabled=\"true\" focusable=\"false\" focused=\"false\" scrollable=\"false\" long-clickable=\"false\" password=\"false\" selected=\"false\" bounds=\"[0,0][1220,813]\"><node index=\"0\" text=\"\" resource-id=\"\" class=\"android.widget.ImageView\" package=\"com.ganji.android.haoche_c\" content-desc=\"\" checkable=\"false\" checked=\"false\" clickable=\"false\" enabled=\"true\" focusable=\"false\" focused=\"false\" scrollable=\"false\" long-clickable=\"false\" password=\"false\" selected=\"false\" bounds=\"[0,0][1220,813]\" /></node></node></node></node></node></node></node></node><node index=\"1\" text=\"\" resource-id=\"\" class=\"android.view.View\" package=\"com.ganji.android.haoche_c\" content-desc=\"\" checkable=\"false\" checked=\"false\" clickable=\"false\" enabled=\"true\" focusable=\"false\" focused=\"false\" scrollable=\"false\" long-clickable=\"false\" password=\"false\" selected=\"false\" bounds=\"[0,700][1220,813]\" /><node index=\"2\" text=\"\" resource-id=\"\" class=\"android.view.ViewGroup\" package=\"com.ganji.android.haoche_c\" content-desc=\"\" checkable=\"false\" checked=\"false\" clickable=\"false\" enabled=\"true\" focusable=\"false\" focused=\"false\" scrollable=\"false\" long-clickable=\"false\" password=\"false\" selected=\"false\" bounds=\"[0,708][1220,777]\"><node index=\"0\" text=\"\" resource-id=\"\" class=\"android.view.ViewGroup\" package=\"com.ganji.android.haoche_c\" content-desc=\"\" checkable=\"false\" checked=\"false\" clickable=\"false\" enabled=\"true\" focusable=\"false\" focused=\"false\" scrollable=\"false\" long-clickable=\"false\" password=\"false\" selected=\"false\" bounds=\"[427,708][793,777]\"><node index=\"0\" text=\"\" resource-id=\"\" class=\"android.view.ViewGroup\" package=\"com.ganji.android.haoche_c\" content-desc=\"\" checkable=\"false\" checked=\"false\" clickable=\"false\" enabled=\"true\" focusable=\"false\" focused=\"false\" scrollable=\"false\" long-clickable=\"false\" password=\"false\" selected=\"false\" bounds=\"[427,708][549,777]\"><node index=\"0\" text=\"图片\" resource-id=\"\" class=\"android.widget.TextView\" package=\"com.ganji.android.haoche_c\" content-desc=\"\" checkable=\"false\" checked=\"false\" clickable=\"false\" enabled=\"true\" focusable=\"false\" focused=\"false\" scrollable=\"false\" long-clickable=\"false\" password=\"false\" selected=\"false\" bounds=\"[427,708][549,777]\" /></node><node index=\"1\" text=\"\" resource-id=\"\" class=\"android.view.ViewGroup\" package=\"com.ganji.android.haoche_c\" content-desc=\"\" checkable=\"false\" checked=\"false\" clickable=\"false\" enabled=\"true\" focusable=\"false\" focused=\"false\" scrollable=\"false\" long-clickable=\"false\" password=\"false\" selected=\"false\" bounds=\"[549,708][671,777]\"><node index=\"0\" text=\"亮点\" resource-id=\"\" class=\"android.widget.TextView\" package=\"com.ganji.android.haoche_c\" content-desc=\"\" checkable=\"false\" checked=\"false\" clickable=\"false\" enabled=\"true\" focusable=\"false\" focused=\"false\" scrollable=\"false\" long-clickable=\"false\" password=\"false\" selected=\"false\" bounds=\"[549,708][671,777]\" /></node><node index=\"2\" text=\"\" resource-id=\"\" class=\"android.view.ViewGroup\" package=\"com.ganji.android.haoche_c\" content-desc=\"\" checkable=\"false\" checked=\"false\" clickable=\"false\" enabled=\"true\" focusable=\"false\" focused=\"false\" scrollable=\"false\" long-clickable=\"false\" password=\"false\" selected=\"false\" bounds=\"[671,708][793,777]\"><node index=\"0\" text=\"检测\" resource-id=\"\" class=\"android.widget.TextView\" package=\"com.ganji.android.haoche_c\" content-desc=\"\" checkable=\"false\" checked=\"false\" clickable=\"false\" enabled=\"true\" focusable=\"false\" focused=\"false\" scrollable=\"false\" long-clickable=\"false\" password=\"false\" selected=\"false\" bounds=\"[671,708][793,777]\" /></node></node></node><node index=\"3\" text=\"\" resource-id=\"\" class=\"android.view.ViewGroup\" package=\"com.ganji.android.haoche_c\" content-desc=\"\" checkable=\"false\" checked=\"false\" clickable=\"false\" enabled=\"true\" focusable=\"false\" focused=\"false\" scrollable=\"false\" long-clickable=\"false\" password=\"false\" selected=\"false\" bounds=\"[1056,702][1188,774]\"><node index=\"0\" text=\"1 / 23\" resource-id=\"\" class=\"android.widget.TextView\" package=\"com.ganji.android.haoche_c\" content-desc=\"\" checkable=\"false\" checked=\"false\" clickable=\"false\" enabled=\"true\" focusable=\"false\" focused=\"false\" scrollable=\"false\" long-clickable=\"false\" password=\"false\" selected=\"false\" bounds=\"[1077,714][1167,763]\" /></node></node></node></node><node index=\"1\" text=\"\" resource-id=\"\" class=\"android.view.ViewGroup\" package=\"com.ganji.android.haoche_c\" content-desc=\"\" checkable=\"false\" checked=\"false\" clickable=\"false\" enabled=\"true\" focusable=\"false\" focused=\"false\" scrollable=\"false\" long-clickable=\"false\" password=\"false\" selected=\"false\" bounds=\"[0,813][1220,1027]\"><node index=\"0\" text=\"\" resource-id=\"\" class=\"android.view.ViewGroup\" package=\"com.ganji.android.haoche_c\" content-desc=\"\" checkable=\"false\" checked=\"false\" clickable=\"false\" enabled=\"true\" focusable=\"false\" focused=\"false\" scrollable=\"false\" long-clickable=\"false\" password=\"false\" selected=\"false\" bounds=\"[0,813][1220,1026]\"><node index=\"0\" text=\"\" resource-id=\"\" class=\"android.widget.HorizontalScrollView\" package=\"com.ganji.android.haoche_c\" content-desc=\"\" checkable=\"false\" checked=\"false\" clickable=\"false\" enabled=\"true\" focusable=\"true\" focused=\"false\" scrollable=\"true\" long-clickable=\"false\" password=\"false\" selected=\"false\" bounds=\"[52,813][1220,1026]\"><node index=\"0\" text=\"\" resource-id=\"\" class=\"android.view.ViewGroup\" package=\"com.ganji.android.haoche_c\" content-desc=\"\" checkable=\"false\" checked=\"false\" clickable=\"false\" enabled=\"true\" focusable=\"false\" focused=\"false\" scrollable=\"false\" long-clickable=\"false\" password=\"false\" selected=\"false\" bounds=\"[52,813][1187,1026]\"><node index=\"0\" text=\"\" resource-id=\"\" class=\"android.view.ViewGroup\" package=\"com.ganji.android.haoche_c\" content-desc=\"\" checkable=\"false\" checked=\"false\" clickable=\"false\" enabled=\"true\" focusable=\"false\" focused=\"false\" scrollable=\"false\" long-clickable=\"false\" password=\"false\" selected=\"false\" bounds=\"[52,864][400,1026]\"><node index=\"0\" text=\"\" resource-id=\"image\" class=\"android.widget.ImageView\" package=\"com.ganji.android.haoche_c\" content-desc=\"\" checkable=\"false\" checked=\"false\" clickable=\"false\" enabled=\"true\" focusable=\"false\" focused=\"false\" scrollable=\"false\" long-clickable=\"false\" password=\"false\" selected=\"false\" bounds=\"[52,864][120,916]\" /><node index=\"1\" text=\"\" resource-id=\"\" class=\"android.view.ViewGroup\" package=\"com.ganji.android.haoche_c\" content-desc=\"\" checkable=\"false\" checked=\"false\" clickable=\"false\" enabled=\"true\" focusable=\"false\" focused=\"false\" scrollable=\"false\" long-clickable=\"false\" password=\"false\" selected=\"false\" bounds=\"[285,864][397,887]\"><node index=\"0\" text=\"低价车\" resource-id=\"\" class=\"android.widget.TextView\" package=\"com.ganji.android.haoche_c\" content-desc=\"\" checkable=\"false\" checked=\"false\" clickable=\"false\" enabled=\"true\" focusable=\"false\" focused=\"false\" scrollable=\"false\" long-clickable=\"false\" password=\"false\" selected=\"false\" bounds=\"[292,864][391,884]\" /></node><node index=\"2\" text=\"\" resource-id=\"\" class=\"android.view.ViewGroup\" package=\"com.ganji.android.haoche_c\" content-desc=\"\" checkable=\"false\" checked=\"false\" clickable=\"false\" enabled=\"true\" focusable=\"false\" focused=\"false\" scrollable=\"false\" long-clickable=\"false\" password=\"false\" selected=\"false\" bounds=\"[78,890][215,1000]\"><node index=\"0\" text=\"\" resource-id=\"image\" class=\"android.widget.ImageView\" package=\"com.ganji.android.haoche_c\" content-desc=\"\" checkable=\"false\" checked=\"false\" clickable=\"false\" enabled=\"true\" focusable=\"false\" focused=\"false\" scrollable=\"false\" long-clickable=\"false\" password=\"false\" selected=\"false\" bounds=\"[78,890][215,1000]\" /></node><node index=\"3\" text=\"8新·B\" resource-id=\"\" class=\"android.widget.TextView\" package=\"com.ganji.android.haoche_c\" content-desc=\"\" checkable=\"false\" checked=\"false\" clickable=\"false\" enabled=\"true\" focusable=\"false\" focused=\"false\" scrollable=\"false\" long-clickable=\"false\" password=\"false\" selected=\"false\" bounds=\"[241,891][374,945]\" /><node index=\"4\" text=\"2.52万\" resource-id=\"\" class=\"android.widget.TextView\" package=\"com.ganji.android.haoche_c\" content-desc=\"\" checkable=\"false\" checked=\"false\" clickable=\"false\" enabled=\"true\" focusable=\"false\" focused=\"false\" scrollable=\"false\" long-clickable=\"false\" password=\"false\" selected=\"false\" bounds=\"[241,945][360,999]\" /></node><node index=\"1\" text=\"\" resource-id=\"\" class=\"android.view.ViewGroup\" package=\"com.ganji.android.haoche_c\" content-desc=\"\" checkable=\"false\" checked=\"false\" clickable=\"false\" enabled=\"true\" focusable=\"false\" focused=\"false\" scrollable=\"false\" long-clickable=\"false\" password=\"false\" selected=\"false\" bounds=\"[426,864][774,1026]\"><node index=\"0\" text=\"\" resource-id=\"image\" class=\"android.widget.ImageView\" package=\"com.ganji.android.haoche_c\" content-desc=\"\" checkable=\"false\" checked=\"false\" clickable=\"false\" enabled=\"true\" focusable=\"false\" focused=\"false\" scrollable=\"false\" long-clickable=\"false\" password=\"false\" selected=\"false\" bounds=\"[426,864][495,916]\" /><node index=\"1\" text=\"\" resource-id=\"\" class=\"android.view.ViewGroup\" package=\"com.ganji.android.haoche_c\" content-desc=\"\" checkable=\"false\" checked=\"false\" clickable=\"false\" enabled=\"true\" focusable=\"false\" focused=\"false\" scrollable=\"false\" long-clickable=\"false\" password=\"false\" selected=\"false\" bounds=\"[452,890][589,1000]\"><node index=\"0\" text=\"\" resource-id=\"image\" class=\"android.widget.ImageView\" package=\"com.ganji.android.haoche_c\" content-desc=\"\" checkable=\"false\" checked=\"false\" clickable=\"false\" enabled=\"true\" focusable=\"false\" focused=\"false\" scrollable=\"false\" long-clickable=\"false\" password=\"false\" selected=\"false\" bounds=\"[452,890][589,1000]\" /></node><node index=\"2\" text=\"8新·B\" resource-id=\"\" class=\"android.widget.TextView\" package=\"com.ganji.android.haoche_c\" content-desc=\"\" checkable=\"false\" checked=\"false\" clickable=\"false\" enabled=\"true\" focusable=\"false\" focused=\"false\" scrollable=\"false\" long-clickable=\"false\" password=\"false\" selected=\"false\" bounds=\"[615,891][748,945]\" /><node index=\"3\" text=\"2.55万\" resource-id=\"\" class=\"android.widget.TextView\" package=\"com.ganji.android.haoche_c\" content-desc=\"\" checkable=\"false\" checked=\"false\" clickable=\"false\" enabled=\"true\" focusable=\"false\" focused=\"false\" scrollable=\"false\" long-clickable=\"false\" password=\"false\" selected=\"false\" bounds=\"[615,945][734,999]\" /></node><node index=\"2\" text=\"\" resource-id=\"\" class=\"android.view.ViewGroup\" package=\"com.ganji.android.haoche_c\" content-desc=\"\" checkable=\"false\" checked=\"false\" clickable=\"false\" enabled=\"true\" focusable=\"false\" focused=\"false\" scrollable=\"false\" long-clickable=\"false\" password=\"false\" selected=\"false\" bounds=\"[800,864][1148,1026]\"><node index=\"0\" text=\"\" resource-id=\"\" class=\"android.view.ViewGroup\" package=\"com.ganji.android.haoche_c\" content-desc=\"\" checkable=\"false\" checked=\"false\" clickable=\"false\" enabled=\"true\" focusable=\"false\" focused=\"false\" scrollable=\"false\" long-clickable=\"false\" password=\"false\" selected=\"false\" bounds=\"[826,890][963,1000]\"><node index=\"0\" text=\"\" resource-id=\"image\" class=\"android.widget.ImageView\" package=\"com.ganji.android.haoche_c\" content-desc=\"\" checkable=\"false\" checked=\"false\" clickable=\"false\" enabled=\"true\" focusable=\"false\" focused=\"false\" scrollable=\"false\" long-clickable=\"false\" password=\"false\" selected=\"false\" bounds=\"[826,890][963,1000]\" /></node><node index=\"1\" text=\"8新·B\" resource-id=\"\" class=\"android.widget.TextView\" package=\"com.ganji.android.haoche_c\" content-desc=\"\" checkable=\"false\" checked=\"false\" clickable=\"false\" enabled=\"true\" focusable=\"false\" focused=\"false\" scrollable=\"false\" long-clickable=\"false\" password=\"false\" selected=\"false\" bounds=\"[989,891][1122,945]\" /><node index=\"2\" text=\"2.75万\" resource-id=\"\" class=\"android.widget.TextView\" package=\"com.ganji.android.haoche_c\" content-desc=\"\" checkable=\"false\" checked=\"false\" clickable=\"false\" enabled=\"true\" focusable=\"false\" focused=\"false\" scrollable=\"false\" long-clickable=\"false\" password=\"false\" selected=\"false\" bounds=\"[989,945][1106,999]\" /></node></node></node></node><node index=\"1\" text=\"\" resource-id=\"\" class=\"android.view.View\" package=\"com.ganji.android.haoche_c\" content-desc=\"\" checkable=\"false\" checked=\"false\" clickable=\"false\" enabled=\"true\" focusable=\"false\" focused=\"false\" scrollable=\"false\" long-clickable=\"false\" password=\"false\" selected=\"false\" bounds=\"[1181,813][1220,1026]\" /></node><node index=\"2\" text=\"\" resource-id=\"\" class=\"android.view.ViewGroup\" package=\"com.ganji.android.haoche_c\" content-desc=\"\" checkable=\"false\" checked=\"false\" clickable=\"false\" enabled=\"true\" focusable=\"false\" focused=\"false\" scrollable=\"false\" long-clickable=\"false\" password=\"false\" selected=\"false\" bounds=\"[0,1027][1220,2392]\"><node index=\"0\" text=\"\" resource-id=\"\" class=\"android.view.ViewGroup\" package=\"com.ganji.android.haoche_c\" content-desc=\"\" checkable=\"false\" checked=\"false\" clickable=\"false\" enabled=\"true\" focusable=\"false\" focused=\"false\" scrollable=\"false\" long-clickable=\"false\" password=\"false\" selected=\"false\" bounds=\"[0,1074][1220,1369]\"><node index=\"0\" text=\"\" resource-id=\"\" class=\"android.view.ViewGroup\" package=\"com.ganji.android.haoche_c\" content-desc=\"\" checkable=\"false\" checked=\"false\" clickable=\"false\" enabled=\"true\" focusable=\"false\" focused=\"false\" scrollable=\"false\" long-clickable=\"false\" password=\"false\" selected=\"false\" bounds=\"[47,1109][1173,1217]\"><node index=\"0\" text=\"2.52\" resource-id=\"\" class=\"android.widget.TextView\" package=\"com.ganji.android.haoche_c\" content-desc=\"\" checkable=\"false\" checked=\"false\" clickable=\"false\" enabled=\"true\" focusable=\"false\" focused=\"false\" scrollable=\"false\" long-clickable=\"false\" password=\"false\" selected=\"false\" bounds=\"[47,1109][219,1217]\" /><node index=\"1\" text=\"\" resource-id=\"\" class=\"android.view.ViewGroup\" package=\"com.ganji.android.haoche_c\" content-desc=\"\" checkable=\"false\" checked=\"false\" clickable=\"false\" enabled=\"true\" focusable=\"false\" focused=\"false\" scrollable=\"false\" long-clickable=\"false\" password=\"false\" selected=\"false\" bounds=\"[219,1150][615,1206]\"><node index=\"0\" text=\"万\" resource-id=\"\" class=\"android.widget.TextView\" package=\"com.ganji.android.haoche_c\" content-desc=\"\" checkable=\"false\" checked=\"false\" clickable=\"false\" enabled=\"true\" focusable=\"false\" focused=\"false\" scrollable=\"false\" long-clickable=\"false\" password=\"false\" selected=\"false\" bounds=\"[225,1150][267,1206]\" /><node index=\"1\" text=\"\" resource-id=\"image\" class=\"android.widget.ImageView\" package=\"com.ganji.android.haoche_c\" content-desc=\"\" checkable=\"false\" checked=\"false\" clickable=\"false\" enabled=\"true\" focusable=\"false\" focused=\"false\" scrollable=\"false\" long-clickable=\"false\" password=\"false\" selected=\"false\" bounds=\"[267,1163][296,1192]\" /><node index=\"2\" text=\"新车含税价13.80万\" resource-id=\"\" class=\"android.widget.TextView\" package=\"com.ganji.android.haoche_c\" content-desc=\"\" checkable=\"false\" checked=\"false\" clickable=\"false\" enabled=\"true\" focusable=\"false\" focused=\"false\" scrollable=\"false\" long-clickable=\"false\" password=\"false\" selected=\"false\" bounds=\"[308,1154][615,1203]\" /></node></node><node index=\"1\" text=\"\" resource-id=\"\" class=\"android.widget.HorizontalScrollView\" package=\"com.ganji.android.haoche_c\" content-desc=\"\" checkable=\"false\" checked=\"false\" clickable=\"false\" enabled=\"true\" focusable=\"true\" focused=\"false\" scrollable=\"true\" long-clickable=\"false\" password=\"false\" selected=\"false\" bounds=\"[47,1235][754,1290]\"><node index=\"0\" text=\"\" resource-id=\"\" class=\"android.view.ViewGroup\" package=\"com.ganji.android.haoche_c\" content-desc=\"\" checkable=\"false\" checked=\"false\" clickable=\"false\" enabled=\"true\" focusable=\"false\" focused=\"false\" scrollable=\"false\" long-clickable=\"false\" password=\"false\" selected=\"false\" bounds=\"[47,1235][754,1290]\"><node index=\"0\" text=\"\" resource-id=\"\" class=\"android.view.ViewGroup\" package=\"com.ganji.android.haoche_c\" content-desc=\"\" checkable=\"false\" checked=\"false\" clickable=\"false\" enabled=\"true\" focusable=\"false\" focused=\"false\" scrollable=\"false\" long-clickable=\"false\" password=\"false\" selected=\"false\" bounds=\"[47,1235][371,1288]\"><node index=\"0\" text=\"\" resource-id=\"image\" class=\"android.widget.ImageView\" package=\"com.ganji.android.haoche_c\" content-desc=\"\" checkable=\"false\" checked=\"false\" clickable=\"false\" enabled=\"true\" focusable=\"false\" focused=\"false\" scrollable=\"false\" long-clickable=\"false\" password=\"false\" selected=\"false\" bounds=\"[60,1244][96,1279]\" /><node index=\"1\" text=\"共优惠\" resource-id=\"\" class=\"android.widget.TextView\" package=\"com.ganji.android.haoche_c\" content-desc=\"\" checkable=\"false\" checked=\"false\" clickable=\"false\" enabled=\"true\" focusable=\"false\" focused=\"false\" scrollable=\"false\" long-clickable=\"false\" password=\"false\" selected=\"false\" bounds=\"[101,1237][209,1286]\" /><node index=\"2\" text=\"\" resource-id=\"image\" class=\"android.widget.ImageView\" package=\"com.ganji.android.haoche_c\" content-desc=\"\" checkable=\"false\" checked=\"false\" clickable=\"false\" enabled=\"true\" focusable=\"false\" focused=\"false\" scrollable=\"false\" long-clickable=\"false\" password=\"false\" selected=\"false\" bounds=\"[219,1235][231,1288]\" /><node index=\"3\" text=\"4100元\" resource-id=\"\" class=\"android.widget.TextView\" package=\"com.ganji.android.haoche_c\" content-desc=\"\" checkable=\"false\" checked=\"false\" clickable=\"false\" enabled=\"true\" focusable=\"false\" focused=\"false\" scrollable=\"false\" long-clickable=\"false\" password=\"false\" selected=\"false\" bounds=\"[238,1237][357,1286]\" /></node><node index=\"1\" text=\"\" resource-id=\"\" class=\"android.view.ViewGroup\" package=\"com.ganji.android.haoche_c\" content-desc=\"\" checkable=\"false\" checked=\"false\" clickable=\"false\" enabled=\"true\" focusable=\"false\" focused=\"false\" scrollable=\"false\" long-clickable=\"false\" password=\"false\" selected=\"false\" bounds=\"[383,1235][754,1288]\"><node index=\"0\" text=\"订金2000元锁定补贴 现场试驾优先提车\" resource-id=\"\" class=\"android.widget.TextView\" package=\"com.ganji.android.haoche_c\" content-desc=\"\" checkable=\"false\" checked=\"false\" clickable=\"false\" enabled=\"true\" focusable=\"false\" focused=\"false\" scrollable=\"false\" long-clickable=\"false\" password=\"false\" selected=\"false\" bounds=\"[396,1237][754,1286]\" /><node index=\"1\" text=\"\" resource-id=\"image\" class=\"android.widget.ImageView\" package=\"com.ganji.android.haoche_c\" content-desc=\"\" checkable=\"false\" checked=\"false\" clickable=\"false\" enabled=\"true\" focusable=\"false\" focused=\"false\" scrollable=\"false\" long-clickable=\"false\" password=\"false\" selected=\"false\" bounds=\"[1047,1247][754,1277]\" /></node></node></node><node index=\"2\" text=\"\" resource-id=\"\" class=\"android.view.ViewGroup\" package=\"com.ganji.android.haoche_c\" content-desc=\"\" checkable=\"false\" checked=\"false\" clickable=\"false\" enabled=\"true\" focusable=\"false\" focused=\"false\" scrollable=\"false\" long-clickable=\"false\" password=\"false\" selected=\"false\" bounds=\"[708,1074][1220,1369]\"><node index=\"0\" text=\"\" resource-id=\"image\" class=\"android.widget.ImageView\" package=\"com.ganji.android.haoche_c\" content-desc=\"\" checkable=\"false\" checked=\"false\" clickable=\"false\" enabled=\"true\" focusable=\"false\" focused=\"false\" scrollable=\"false\" long-clickable=\"false\" password=\"false\" selected=\"false\" bounds=\"[708,1074][1220,1369]\" /><node index=\"1\" text=\"\" resource-id=\"\" class=\"android.view.ViewGroup\" package=\"com.ganji.android.haoche_c\" content-desc=\"\" checkable=\"false\" checked=\"false\" clickable=\"false\" enabled=\"true\" focusable=\"false\" focused=\"false\" scrollable=\"false\" long-clickable=\"false\" password=\"false\" selected=\"false\" bounds=\"[961,1074][1161,1369]\"><node index=\"0\" text=\"\" resource-id=\"image\" class=\"android.widget.ImageView\" package=\"com.ganji.android.haoche_c\" content-desc=\"\" checkable=\"false\" checked=\"false\" clickable=\"false\" enabled=\"true\" focusable=\"false\" focused=\"false\" scrollable=\"false\" long-clickable=\"false\" password=\"false\" selected=\"false\" bounds=\"[961,1147][1161,1192]\" /><node index=\"1\" text=\"\" resource-id=\"\" class=\"android.view.ViewGroup\" package=\"com.ganji.android.haoche_c\" content-desc=\"\" checkable=\"false\" checked=\"false\" clickable=\"false\" enabled=\"true\" focusable=\"false\" focused=\"false\" scrollable=\"false\" long-clickable=\"false\" password=\"false\" selected=\"false\" bounds=\"[971,1211][1151,1260]\"><node index=\"0\" text=\"活动规则\" resource-id=\"\" class=\"android.widget.TextView\" package=\"com.ganji.android.haoche_c\" content-desc=\"\" checkable=\"false\" checked=\"false\" clickable=\"false\" enabled=\"true\" focusable=\"false\" focused=\"false\" scrollable=\"false\" long-clickable=\"false\" password=\"false\" selected=\"false\" bounds=\"[971,1211][1115,1260]\" /><node index=\"1\" text=\"\" resource-id=\"image\" class=\"android.widget.ImageView\" package=\"com.ganji.android.haoche_c\" content-desc=\"\" checkable=\"false\" checked=\"false\" clickable=\"false\" enabled=\"true\" focusable=\"false\" focused=\"false\" scrollable=\"false\" long-clickable=\"false\" password=\"false\" selected=\"false\" bounds=\"[1115,1218][1151,1253]\" /></node></node></node></node><node index=\"1\" text=\"\" resource-id=\"image\" class=\"android.widget.ImageView\" package=\"com.ganji.android.haoche_c\" content-desc=\"\" checkable=\"false\" checked=\"false\" clickable=\"false\" enabled=\"true\" focusable=\"false\" focused=\"false\" scrollable=\"false\" long-clickable=\"false\" password=\"false\" selected=\"false\" bounds=\"[0,1333][1220,1427]\" /><node index=\"2\" text=\"\" resource-id=\"\" class=\"android.view.ViewGroup\" package=\"com.ganji.android.haoche_c\" content-desc=\"\" checkable=\"false\" checked=\"false\" clickable=\"false\" enabled=\"true\" focusable=\"false\" focused=\"false\" scrollable=\"false\" long-clickable=\"false\" password=\"false\" selected=\"false\" bounds=\"[47,1392][1173,1481]\"><node index=\"0\" text=\"\" resource-id=\"image\" class=\"android.widget.ImageView\" package=\"com.ganji.android.haoche_c\" content-desc=\"\" checkable=\"false\" checked=\"false\" clickable=\"false\" enabled=\"true\" focusable=\"false\" focused=\"false\" scrollable=\"false\" long-clickable=\"false\" password=\"false\" selected=\"false\" bounds=\"[47,1392][1173,1481]\" /><node index=\"1\" text=\"\" resource-id=\"\" class=\"android.view.ViewGroup\" package=\"com.ganji.android.haoche_c\" content-desc=\"\" checkable=\"false\" checked=\"false\" clickable=\"false\" enabled=\"true\" focusable=\"false\" focused=\"false\" scrollable=\"false\" long-clickable=\"false\" password=\"false\" selected=\"false\" bounds=\"[47,1392][1173,1481]\"><node index=\"0\" text=\"\" resource-id=\"image\" class=\"android.widget.ImageView\" package=\"com.ganji.android.haoche_c\" content-desc=\"\" checkable=\"false\" checked=\"false\" clickable=\"false\" enabled=\"true\" focusable=\"false\" focused=\"false\" scrollable=\"false\" long-clickable=\"false\" password=\"false\" selected=\"false\" bounds=\"[71,1417][274,1456]\" /><node index=\"1\" text=\"1成首付0.25万起，月供206元起\" resource-id=\"\" class=\"android.widget.TextView\" package=\"com.ganji.android.haoche_c\" content-desc=\"\" checkable=\"false\" checked=\"false\" clickable=\"false\" enabled=\"true\" focusable=\"false\" focused=\"false\" scrollable=\"false\" long-clickable=\"false\" password=\"false\" selected=\"false\" bounds=\"[298,1412][1000,1461]\" /><node index=\"2\" text=\"更多方案\" resource-id=\"\" class=\"android.widget.TextView\" package=\"com.ganji.android.haoche_c\" content-desc=\"\" checkable=\"false\" checked=\"false\" clickable=\"false\" enabled=\"true\" focusable=\"false\" focused=\"false\" scrollable=\"false\" long-clickable=\"false\" password=\"false\" selected=\"false\" bounds=\"[999,1412][1143,1461]\" /><node index=\"3\" text=\"\" resource-id=\"image\" class=\"android.widget.ImageView\" package=\"com.ganji.android.haoche_c\" content-desc=\"\" checkable=\"false\" checked=\"false\" clickable=\"false\" enabled=\"true\" focusable=\"false\" focused=\"false\" scrollable=\"false\" long-clickable=\"false\" password=\"false\" selected=\"false\" bounds=\"[1143,1421][1173,1450]\" /></node></node><node index=\"3\" text=\"福\" resource-id=\"\" class=\"android.widget.TextView\" package=\"com.ganji.android.haoche_c\" content-desc=\"\" checkable=\"false\" checked=\"false\" clickable=\"false\" enabled=\"true\" focusable=\"false\" focused=\"false\" scrollable=\"false\" long-clickable=\"false\" password=\"false\" selected=\"false\" bounds=\"[47,1516][100,1587]\" /><node index=\"4\" text=\"特\" resource-id=\"\" class=\"android.widget.TextView\" package=\"com.ganji.android.haoche_c\" content-desc=\"\" checkable=\"false\" checked=\"false\" clickable=\"false\" enabled=\"true\" focusable=\"false\" focused=\"false\" scrollable=\"false\" long-clickable=\"false\" password=\"false\" selected=\"false\" bounds=\"[100,1516][153,1587]\" /><node index=\"5\" text=\" \" resource-id=\"\" class=\"android.widget.TextView\" package=\"com.ganji.android.haoche_c\" content-desc=\"\" checkable=\"false\" checked=\"false\" clickable=\"false\" enabled=\"true\" focusable=\"false\" focused=\"false\" scrollable=\"false\" long-clickable=\"false\" password=\"false\" selected=\"false\" bounds=\"[153,1516][169,1587]\" /><node index=\"6\" text=\"福\" resource-id=\"\" class=\"android.widget.TextView\" package=\"com.ganji.android.haoche_c\" content-desc=\"\" checkable=\"false\" checked=\"false\" clickable=\"false\" enabled=\"true\" focusable=\"false\" focused=\"false\" scrollable=\"false\" long-clickable=\"false\" password=\"false\" selected=\"false\" bounds=\"[169,1516][222,1587]\" /><node index=\"7\" text=\"克\" resource-id=\"\" class=\"android.widget.TextView\" package=\"com.ganji.android.haoche_c\" content-desc=\"\" checkable=\"false\" checked=\"false\" clickable=\"false\" enabled=\"true\" focusable=\"false\" focused=\"false\" scrollable=\"false\" long-clickable=\"false\" password=\"false\" selected=\"false\" bounds=\"[222,1516][275,1587]\" /><node index=\"8\" text=\"斯\" resource-id=\"\" class=\"android.widget.TextView\" package=\"com.ganji.android.haoche_c\" content-desc=\"\" checkable=\"false\" checked=\"false\" clickable=\"false\" enabled=\"true\" focusable=\"false\" focused=\"false\" scrollable=\"false\" long-clickable=\"false\" password=\"false\" selected=\"false\" bounds=\"[275,1516][328,1587]\" /><node index=\"9\" text=\" \" resource-id=\"\" class=\"android.widget.TextView\" package=\"com.ganji.android.haoche_c\" content-desc=\"\" checkable=\"false\" checked=\"false\" clickable=\"false\" enabled=\"true\" focusable=\"false\" focused=\"false\" scrollable=\"false\" long-clickable=\"false\" password=\"false\" selected=\"false\" bounds=\"[328,1516][344,1587]\" /><node index=\"10\" text=\"2\" resource-id=\"\" class=\"android.widget.TextView\" package=\"com.ganji.android.haoche_c\" content-desc=\"\" checkable=\"false\" checked=\"false\" clickable=\"false\" enabled=\"true\" focusable=\"false\" focused=\"false\" scrollable=\"false\" long-clickable=\"false\" password=\"false\" selected=\"false\" bounds=\"[344,1516][375,1587]\" /><node index=\"11\" text=\"0\" resource-id=\"\" class=\"android.widget.TextView\" package=\"com.ganji.android.haoche_c\" content-desc=\"\" checkable=\"false\" checked=\"false\" clickable=\"false\" enabled=\"true\" focusable=\"false\" focused=\"false\" scrollable=\"false\" long-clickable=\"false\" password=\"false\" selected=\"false\" bounds=\"[375,1516][410,1587]\" /><node index=\"12\" text=\"1\" resource-id=\"\" class=\"android.widget.TextView\" package=\"com.ganji.android.haoche_c\" content-desc=\"\" checkable=\"false\" checked=\"false\" clickable=\"false\" enabled=\"true\" focusable=\"false\" focused=\"false\" scrollable=\"false\" long-clickable=\"false\" password=\"false\" selected=\"false\" bounds=\"[410,1516][434,1587]\" /><node index=\"13\" text=\"7\" resource-id=\"\" class=\"android.widget.TextView\" package=\"com.ganji.android.haoche_c\" content-desc=\"\" checkable=\"false\" checked=\"false\" clickable=\"false\" enabled=\"true\" focusable=\"false\" focused=\"false\" scrollable=\"false\" long-clickable=\"false\" password=\"false\" selected=\"false\" bounds=\"[434,1516][463,1587]\" /><node index=\"14\" text=\"款\" resource-id=\"\" class=\"android.widget.TextView\" package=\"com.ganji.android.haoche_c\" content-desc=\"\" checkable=\"false\" checked=\"false\" clickable=\"false\" enabled=\"true\" focusable=\"false\" focused=\"false\" scrollable=\"false\" long-clickable=\"false\" password=\"false\" selected=\"false\" bounds=\"[463,1516][516,1587]\" /><node index=\"15\" text=\" \" resource-id=\"\" class=\"android.widget.TextView\" package=\"com.ganji.android.haoche_c\" content-desc=\"\" checkable=\"false\" checked=\"false\" clickable=\"false\" enabled=\"true\" focusable=\"false\" focused=\"false\" scrollable=\"false\" long-clickable=\"false\" password=\"false\" selected=\"false\" bounds=\"[516,1516][532,1587]\" /><node index=\"16\" text=\"两\" resource-id=\"\" class=\"android.widget.TextView\" package=\"com.ganji.android.haoche_c\" content-desc=\"\" checkable=\"false\" checked=\"false\" clickable=\"false\" enabled=\"true\" focusable=\"false\" focused=\"false\" scrollable=\"false\" long-clickable=\"false\" password=\"false\" selected=\"false\" bounds=\"[532,1516][585,1587]\" /><node index=\"17\" text=\"厢\" resource-id=\"\" class=\"android.widget.TextView\" package=\"com.ganji.android.haoche_c\" content-desc=\"\" checkable=\"false\" checked=\"false\" clickable=\"false\" enabled=\"true\" focusable=\"false\" focused=\"false\" scrollable=\"false\" long-clickable=\"false\" password=\"false\" selected=\"false\" bounds=\"[585,1516][638,1587]\" /><node index=\"18\" text=\" \" resource-id=\"\" class=\"android.widget.TextView\" package=\"com.ganji.android.haoche_c\" content-desc=\"\" checkable=\"false\" checked=\"false\" clickable=\"false\" enabled=\"true\" focusable=\"false\" focused=\"false\" scrollable=\"false\" long-clickable=\"false\" password=\"false\" selected=\"false\" bounds=\"[638,1516][654,1587]\" /><node index=\"19\" text=\"1\" resource-id=\"\" class=\"android.widget.TextView\" package=\"com.ganji.android.haoche_c\" content-desc=\"\" checkable=\"false\" checked=\"false\" clickable=\"false\" enabled=\"true\" focusable=\"false\" focused=\"false\" scrollable=\"false\" long-clickable=\"false\" password=\"false\" selected=\"false\" bounds=\"[654,1516][678,1587]\" /><node index=\"20\" text=\".\" resource-id=\"\" class=\"android.widget.TextView\" package=\"com.ganji.android.haoche_c\" content-desc=\"\" checkable=\"false\" checked=\"false\" clickable=\"false\" enabled=\"true\" focusable=\"false\" focused=\"false\" scrollable=\"false\" long-clickable=\"false\" password=\"false\" selected=\"false\" bounds=\"[678,1516][692,1587]\" /><node index=\"21\" text=\"6\" resource-id=\"\" class=\"android.widget.TextView\" package=\"com.ganji.android.haoche_c\" content-desc=\"\" checkable=\"false\" checked=\"false\" clickable=\"false\" enabled=\"true\" focusable=\"false\" focused=\"false\" scrollable=\"false\" long-clickable=\"false\" password=\"false\" selected=\"false\" bounds=\"[692,1516][725,1587]\" /><node index=\"22\" text=\"L\" resource-id=\"\" class=\"android.widget.TextView\" package=\"com.ganji.android.haoche_c\" content-desc=\"\" checkable=\"false\" checked=\"false\" clickable=\"false\" enabled=\"true\" focusable=\"false\" focused=\"false\" scrollable=\"false\" long-clickable=\"false\" password=\"false\" selected=\"false\" bounds=\"[725,1516][756,1587]\" /><node index=\"23\" text=\" \" resource-id=\"\" class=\"android.widget.TextView\" package=\"com.ganji.android.haoche_c\" content-desc=\"\" checkable=\"false\" checked=\"false\" clickable=\"false\" enabled=\"true\" focusable=\"false\" focused=\"false\" scrollable=\"false\" long-clickable=\"false\" password=\"false\" selected=\"false\" bounds=\"[756,1516][772,1587]\" /><node index=\"24\" text=\"自\" resource-id=\"\" class=\"android.widget.TextView\" package=\"com.ganji.android.haoche_c\" content-desc=\"\" checkable=\"false\" checked=\"false\" clickable=\"false\" enabled=\"true\" focusable=\"false\" focused=\"false\" scrollable=\"false\" long-clickable=\"false\" password=\"false\" selected=\"false\" bounds=\"[772,1516][825,1587]\" /><node index=\"25\" text=\"动\" resource-id=\"\" class=\"android.widget.TextView\" package=\"com.ganji.android.haoche_c\" content-desc=\"\" checkable=\"false\" checked=\"false\" clickable=\"false\" enabled=\"true\" focusable=\"false\" focused=\"false\" scrollable=\"false\" long-clickable=\"false\" password=\"false\" selected=\"false\" bounds=\"[825,1516][878,1587]\" /><node index=\"26\" text=\"舒\" resource-id=\"\" class=\"android.widget.TextView\" package=\"com.ganji.android.haoche_c\" content-desc=\"\" checkable=\"false\" checked=\"false\" clickable=\"false\" enabled=\"true\" focusable=\"false\" focused=\"false\" scrollable=\"false\" long-clickable=\"false\" password=\"false\" selected=\"false\" bounds=\"[878,1516][931,1587]\" /><node index=\"27\" text=\"适\" resource-id=\"\" class=\"android.widget.TextView\" package=\"com.ganji.android.haoche_c\" content-desc=\"\" checkable=\"false\" checked=\"false\" clickable=\"false\" enabled=\"true\" focusable=\"false\" focused=\"false\" scrollable=\"false\" long-clickable=\"false\" password=\"false\" selected=\"false\" bounds=\"[931,1516][984,1587]\" /><node index=\"28\" text=\"型\" resource-id=\"\" class=\"android.widget.TextView\" package=\"com.ganji.android.haoche_c\" content-desc=\"\" checkable=\"false\" checked=\"false\" clickable=\"false\" enabled=\"true\" focusable=\"false\" focused=\"false\" scrollable=\"false\" long-clickable=\"false\" password=\"false\" selected=\"false\" bounds=\"[984,1516][1037,1587]\" /><node index=\"29\" text=\"智\" resource-id=\"\" class=\"android.widget.TextView\" package=\"com.ganji.android.haoche_c\" content-desc=\"\" checkable=\"false\" checked=\"false\" clickable=\"false\" enabled=\"true\" focusable=\"false\" focused=\"false\" scrollable=\"false\" long-clickable=\"false\" password=\"false\" selected=\"false\" bounds=\"[1037,1516][1090,1587]\" /><node index=\"30\" text=\"行\" resource-id=\"\" class=\"android.widget.TextView\" package=\"com.ganji.android.haoche_c\" content-desc=\"\" checkable=\"false\" checked=\"false\" clickable=\"false\" enabled=\"true\" focusable=\"false\" focused=\"false\" scrollable=\"false\" long-clickable=\"false\" password=\"false\" selected=\"false\" bounds=\"[1090,1516][1143,1587]\" /><node index=\"31\" text=\"版\" resource-id=\"\" class=\"android.widget.TextView\" package=\"com.ganji.android.haoche_c\" content-desc=\"\" checkable=\"false\" checked=\"false\" clickable=\"false\" enabled=\"true\" focusable=\"false\" focused=\"false\" scrollable=\"false\" long-clickable=\"false\" password=\"false\" selected=\"false\" bounds=\"[47,1587][100,1658]\" /><node index=\"32\" text=\"\" resource-id=\"\" class=\"android.widget.HorizontalScrollView\" package=\"com.ganji.android.haoche_c\" content-desc=\"\" checkable=\"false\" checked=\"false\" clickable=\"false\" enabled=\"true\" focusable=\"true\" focused=\"false\" scrollable=\"true\" long-clickable=\"false\" password=\"false\" selected=\"false\" bounds=\"[47,1675][763,1731]\"><node index=\"0\" text=\"\" resource-id=\"\" class=\"android.view.ViewGroup\" package=\"com.ganji.android.haoche_c\" content-desc=\"\" checkable=\"false\" checked=\"false\" clickable=\"false\" enabled=\"true\" focusable=\"false\" focused=\"false\" scrollable=\"false\" long-clickable=\"false\" password=\"false\" selected=\"false\" bounds=\"[47,1675][578,1728]\"><node index=\"0\" text=\"\" resource-id=\"\" class=\"android.view.ViewGroup\" package=\"com.ganji.android.haoche_c\" content-desc=\"\" checkable=\"false\" checked=\"false\" clickable=\"false\" enabled=\"true\" focusable=\"false\" focused=\"false\" scrollable=\"false\" long-clickable=\"false\" password=\"false\" selected=\"false\" bounds=\"[47,1675][203,1728]\"><node index=\"0\" text=\"\" resource-id=\"\" class=\"android.view.ViewGroup\" package=\"com.ganji.android.haoche_c\" content-desc=\"\" checkable=\"false\" checked=\"false\" clickable=\"false\" enabled=\"true\" focusable=\"false\" focused=\"false\" scrollable=\"false\" long-clickable=\"false\" password=\"false\" selected=\"false\" bounds=\"[47,1675][203,1727]\"><node index=\"0\" text=\"\" resource-id=\"\" class=\"android.view.ViewGroup\" package=\"com.ganji.android.haoche_c\" content-desc=\"\" checkable=\"false\" checked=\"false\" clickable=\"false\" enabled=\"true\" focusable=\"false\" focused=\"false\" scrollable=\"false\" long-clickable=\"false\" password=\"false\" selected=\"false\" bounds=\"[47,1675][203,1727]\"><node index=\"0\" text=\"\" resource-id=\"\" class=\"android.widget.ImageView\" package=\"com.ganji.android.haoche_c\" content-desc=\"\" checkable=\"false\" checked=\"false\" clickable=\"false\" enabled=\"true\" focusable=\"false\" focused=\"false\" scrollable=\"false\" long-clickable=\"false\" password=\"false\" selected=\"false\" bounds=\"[47,1675][203,1727]\" /></node></node></node><node index=\"1\" text=\"\" resource-id=\"\" class=\"android.view.ViewGroup\" package=\"com.ganji.android.haoche_c\" content-desc=\"\" checkable=\"false\" checked=\"false\" clickable=\"false\" enabled=\"true\" focusable=\"false\" focused=\"false\" scrollable=\"false\" long-clickable=\"false\" password=\"false\" selected=\"false\" bounds=\"[215,1675][343,1728]\"><node index=\"0\" text=\"\" resource-id=\"\" class=\"android.view.ViewGroup\" package=\"com.ganji.android.haoche_c\" content-desc=\"\" checkable=\"false\" checked=\"false\" clickable=\"false\" enabled=\"true\" focusable=\"false\" focused=\"false\" scrollable=\"false\" long-clickable=\"false\" password=\"false\" selected=\"false\" bounds=\"[215,1675][343,1728]\"><node index=\"0\" text=\"唐山\" resource-id=\"\" class=\"android.widget.TextView\" package=\"com.ganji.android.haoche_c\" content-desc=\"\" checkable=\"false\" checked=\"false\" clickable=\"false\" enabled=\"true\" focusable=\"false\" focused=\"false\" scrollable=\"false\" long-clickable=\"false\" password=\"false\" selected=\"false\" bounds=\"[228,1677][300,1726]\" /><node index=\"1\" text=\"\" resource-id=\"image\" class=\"android.widget.ImageView\" package=\"com.ganji.android.haoche_c\" content-desc=\"\" checkable=\"false\" checked=\"false\" clickable=\"false\" enabled=\"true\" focusable=\"false\" focused=\"false\" scrollable=\"false\" long-clickable=\"false\" password=\"false\" selected=\"false\" bounds=\"[306,1689][333,1715]\" /></node></node><node index=\"2\" text=\"\" resource-id=\"\" class=\"android.view.ViewGroup\" package=\"com.ganji.android.haoche_c\" content-desc=\"\" checkable=\"false\" checked=\"false\" clickable=\"false\" enabled=\"true\" focusable=\"false\" focused=\"false\" scrollable=\"false\" long-clickable=\"false\" password=\"false\" selected=\"false\" bounds=\"[355,1675][555,1728]\"><node index=\"0\" text=\"\" resource-id=\"\" class=\"android.view.ViewGroup\" package=\"com.ganji.android.haoche_c\" content-desc=\"\" checkable=\"false\" checked=\"false\" clickable=\"false\" enabled=\"true\" focusable=\"false\" focused=\"false\" scrollable=\"false\" long-clickable=\"false\" password=\"false\" selected=\"false\" bounds=\"[355,1675][555,1728]\"><node index=\"0\" text=\"检测报告\" resource-id=\"\" class=\"android.widget.TextView\" package=\"com.ganji.android.haoche_c\" content-desc=\"\" checkable=\"false\" checked=\"false\" clickable=\"false\" enabled=\"true\" focusable=\"false\" focused=\"false\" scrollable=\"false\" long-clickable=\"false\" password=\"false\" selected=\"false\" bounds=\"[368,1677][512,1726]\" /><node index=\"1\" text=\"\" resource-id=\"image\" class=\"android.widget.ImageView\" package=\"com.ganji.android.haoche_c\" content-desc=\"\" checkable=\"false\" checked=\"false\" clickable=\"false\" enabled=\"true\" focusable=\"false\" focused=\"false\" scrollable=\"false\" long-clickable=\"false\" password=\"false\" selected=\"false\" bounds=\"[518,1689][544,1715]\" /></node></node></node></node><node index=\"33\" text=\"\" resource-id=\"\" class=\"android.view.ViewGroup\" package=\"com.ganji.android.haoche_c\" content-desc=\"\" checkable=\"false\" checked=\"false\" clickable=\"false\" enabled=\"true\" focusable=\"false\" focused=\"false\" scrollable=\"false\" long-clickable=\"false\" password=\"false\" selected=\"false\" bounds=\"[792,1676][1172,1729]\"><node index=\"0\" text=\"\" resource-id=\"\" class=\"android.view.View\" package=\"com.ganji.android.haoche_c\" content-desc=\"\" checkable=\"false\" checked=\"false\" clickable=\"false\" enabled=\"true\" focusable=\"false\" focused=\"false\" scrollable=\"false\" long-clickable=\"false\" password=\"false\" selected=\"false\" bounds=\"[792,1676][769,1729]\" /><node index=\"1\" text=\"车源号:166460118\" resource-id=\"\" class=\"android.widget.TextView\" package=\"com.ganji.android.haoche_c\" content-desc=\"\" checkable=\"false\" checked=\"false\" clickable=\"false\" enabled=\"true\" focusable=\"false\" focused=\"false\" scrollable=\"false\" long-clickable=\"false\" password=\"false\" selected=\"false\" bounds=\"[811,1678][1106,1727]\" /><node index=\"2\" text=\"\" resource-id=\"image\" class=\"android.widget.ImageView\" package=\"com.ganji.android.haoche_c\" content-desc=\"\" checkable=\"false\" checked=\"false\" clickable=\"false\" enabled=\"true\" focusable=\"false\" focused=\"false\" scrollable=\"false\" long-clickable=\"false\" password=\"false\" selected=\"false\" bounds=\"[1118,1685][1154,1720]\" /></node><node index=\"34\" text=\"\" resource-id=\"\" class=\"android.view.ViewGroup\" package=\"com.ganji.android.haoche_c\" content-desc=\"\" checkable=\"false\" checked=\"false\" clickable=\"false\" enabled=\"true\" focusable=\"false\" focused=\"false\" scrollable=\"false\" long-clickable=\"false\" password=\"false\" selected=\"false\" bounds=\"[47,1761][50,1764]\" /><node index=\"35\" text=\"\" resource-id=\"\" class=\"android.view.View\" package=\"com.ganji.android.haoche_c\" content-desc=\"\" checkable=\"false\" checked=\"false\" clickable=\"false\" enabled=\"true\" focusable=\"false\" focused=\"false\" scrollable=\"false\" long-clickable=\"false\" password=\"false\" selected=\"false\" bounds=\"[47,1764][1173,2351]\" /><node index=\"36\" text=\"\" resource-id=\"\" class=\"android.view.ViewGroup\" package=\"com.ganji.android.haoche_c\" content-desc=\"\" checkable=\"false\" checked=\"false\" clickable=\"false\" enabled=\"true\" focusable=\"false\" focused=\"false\" scrollable=\"false\" long-clickable=\"false\" password=\"false\" selected=\"false\" bounds=\"[47,1764][1173,1986]\"><node index=\"0\" text=\"\" resource-id=\"\" class=\"android.view.ViewGroup\" package=\"com.ganji.android.haoche_c\" content-desc=\"\" checkable=\"false\" checked=\"false\" clickable=\"false\" enabled=\"true\" focusable=\"false\" focused=\"false\" scrollable=\"false\" long-clickable=\"false\" password=\"false\" selected=\"false\" bounds=\"[82,1811][297,1948]\"><node index=\"0\" text=\"\" resource-id=\"\" class=\"android.view.ViewGroup\" package=\"com.ganji.android.haoche_c\" content-desc=\"\" checkable=\"false\" checked=\"false\" clickable=\"false\" enabled=\"true\" focusable=\"false\" focused=\"false\" scrollable=\"false\" long-clickable=\"false\" password=\"false\" selected=\"false\" bounds=\"[82,1811][297,1883]\"><node index=\"0\" text=\"\" resource-id=\"\" class=\"android.view.ViewGroup\" package=\"com.ganji.android.haoche_c\" content-desc=\"\" checkable=\"false\" checked=\"false\" clickable=\"false\" enabled=\"true\" focusable=\"false\" focused=\"false\" scrollable=\"false\" long-clickable=\"false\" password=\"false\" selected=\"false\" bounds=\"[82,1811][297,1883]\"><node index=\"0\" text=\"\" resource-id=\"\" class=\"android.widget.ImageView\" package=\"com.ganji.android.haoche_c\" content-desc=\"\" checkable=\"false\" checked=\"false\" clickable=\"false\" enabled=\"true\" focusable=\"false\" focused=\"false\" scrollable=\"false\" long-clickable=\"false\" password=\"false\" selected=\"false\" bounds=\"[82,1811][297,1883]\" /></node></node><node index=\"1\" text=\"\" resource-id=\"\" class=\"android.view.ViewGroup\" package=\"com.ganji.android.haoche_c\" content-desc=\"\" checkable=\"false\" checked=\"false\" clickable=\"false\" enabled=\"true\" focusable=\"false\" focused=\"false\" scrollable=\"false\" long-clickable=\"false\" password=\"false\" selected=\"false\" bounds=\"[82,1894][297,1947]\"><node index=\"0\" text=\"\" resource-id=\"\" class=\"android.view.ViewGroup\" package=\"com.ganji.android.haoche_c\" content-desc=\"\" checkable=\"false\" checked=\"false\" clickable=\"false\" enabled=\"true\" focusable=\"false\" focused=\"false\" scrollable=\"false\" long-clickable=\"false\" password=\"false\" selected=\"false\" bounds=\"[82,1896][226,1945]\"><node index=\"0\" text=\"定级标准\" resource-id=\"\" class=\"android.widget.TextView\" package=\"com.ganji.android.haoche_c\" content-desc=\"\" checkable=\"false\" checked=\"false\" clickable=\"false\" enabled=\"true\" focusable=\"false\" focused=\"false\" scrollable=\"false\" long-clickable=\"false\" password=\"false\" selected=\"false\" bounds=\"[82,1896][226,1945]\" /></node><node index=\"1\" text=\"\" resource-id=\"image\" class=\"android.widget.ImageView\" package=\"com.ganji.android.haoche_c\" content-desc=\"\" checkable=\"false\" checked=\"false\" clickable=\"false\" enabled=\"true\" focusable=\"false\" focused=\"false\" scrollable=\"false\" long-clickable=\"false\" password=\"false\" selected=\"false\" bounds=\"[229,1903][264,1938]\" /></node></node><node index=\"1\" text=\"\" resource-id=\"\" class=\"android.view.ViewGroup\" package=\"com.ganji.android.haoche_c\" content-desc=\"\" checkable=\"false\" checked=\"false\" clickable=\"false\" enabled=\"true\" focusable=\"false\" focused=\"false\" scrollable=\"false\" long-clickable=\"false\" password=\"false\" selected=\"false\" bounds=\"[344,1811][1173,1870]\"><node index=\"0\" text=\"\" resource-id=\"\" class=\"android.view.ViewGroup\" package=\"com.ganji.android.haoche_c\" content-desc=\"\" checkable=\"false\" checked=\"false\" clickable=\"false\" enabled=\"true\" focusable=\"false\" focused=\"false\" scrollable=\"false\" long-clickable=\"false\" password=\"false\" selected=\"false\" bounds=\"[344,1811][520,1870]\"><node index=\"0\" text=\"成色\" resource-id=\"\" class=\"android.widget.TextView\" package=\"com.ganji.android.haoche_c\" content-desc=\"\" checkable=\"false\" checked=\"false\" clickable=\"false\" enabled=\"true\" focusable=\"false\" focused=\"false\" scrollable=\"false\" long-clickable=\"false\" password=\"false\" selected=\"false\" bounds=\"[344,1811][428,1870]\" /><node index=\"1\" text=\"8\" resource-id=\"\" class=\"android.widget.TextView\" package=\"com.ganji.android.haoche_c\" content-desc=\"\" checkable=\"false\" checked=\"false\" clickable=\"false\" enabled=\"true\" focusable=\"false\" focused=\"false\" scrollable=\"false\" long-clickable=\"false\" password=\"false\" selected=\"false\" bounds=\"[428,1811][496,1870]\" /></node><node index=\"1\" text=\"7.81万公里\" resource-id=\"\" class=\"android.widget.TextView\" package=\"com.ganji.android.haoche_c\" content-desc=\"\" checkable=\"false\" checked=\"false\" clickable=\"false\" enabled=\"true\" focusable=\"false\" focused=\"false\" scrollable=\"false\" long-clickable=\"false\" password=\"false\" selected=\"false\" bounds=\"[520,1812][716,1868]\" /><node index=\"2\" text=\"/\" resource-id=\"\" class=\"android.widget.TextView\" package=\"com.ganji.android.haoche_c\" content-desc=\"\" checkable=\"false\" checked=\"false\" clickable=\"false\" enabled=\"true\" focusable=\"false\" focused=\"false\" scrollable=\"false\" long-clickable=\"false\" password=\"false\" selected=\"false\" bounds=\"[728,1816][742,1865]\" /><node index=\"3\" text=\"8年10个月\" resource-id=\"\" class=\"android.widget.TextView\" package=\"com.ganji.android.haoche_c\" content-desc=\"\" checkable=\"false\" checked=\"false\" clickable=\"false\" enabled=\"true\" focusable=\"false\" focused=\"false\" scrollable=\"false\" long-clickable=\"false\" password=\"false\" selected=\"false\" bounds=\"[754,1812][950,1868]\" /></node><node index=\"2\" text=\"\" resource-id=\"\" class=\"android.view.ViewGroup\" package=\"com.ganji.android.haoche_c\" content-desc=\"\" checkable=\"false\" checked=\"false\" clickable=\"false\" enabled=\"true\" focusable=\"false\" focused=\"false\" scrollable=\"false\" long-clickable=\"false\" password=\"false\" selected=\"false\" bounds=\"[344,1882][520,1941]\"><node index=\"0\" text=\"车况\" resource-id=\"\" class=\"android.widget.TextView\" package=\"com.ganji.android.haoche_c\" content-desc=\"\" checkable=\"false\" checked=\"false\" clickable=\"false\" enabled=\"true\" focusable=\"false\" focused=\"false\" scrollable=\"false\" long-clickable=\"false\" password=\"false\" selected=\"false\" bounds=\"[344,1882][428,1941]\" /><node index=\"1\" text=\"\" resource-id=\"\" class=\"android.view.ViewGroup\" package=\"com.ganji.android.haoche_c\" content-desc=\"\" checkable=\"false\" checked=\"false\" clickable=\"false\" enabled=\"true\" focusable=\"false\" focused=\"false\" scrollable=\"false\" long-clickable=\"false\" password=\"false\" selected=\"false\" bounds=\"[428,1882][496,1941]\"><node index=\"0\" text=\"B\" resource-id=\"\" class=\"android.widget.TextView\" package=\"com.ganji.android.haoche_c\" content-desc=\"\" checkable=\"false\" checked=\"false\" clickable=\"false\" enabled=\"true\" focusable=\"false\" focused=\"false\" scrollable=\"false\" long-clickable=\"false\" password=\"false\" selected=\"false\" bounds=\"[428,1882][496,1941]\" /></node></node><node index=\"3\" text=\"\" resource-id=\"\" class=\"android.widget.HorizontalScrollView\" package=\"com.ganji.android.haoche_c\" content-desc=\"\" checkable=\"false\" checked=\"false\" clickable=\"false\" enabled=\"true\" focusable=\"true\" focused=\"false\" scrollable=\"true\" long-clickable=\"false\" password=\"false\" selected=\"false\" bounds=\"[520,1883][1173,1939]\"><node index=\"0\" text=\"\" resource-id=\"\" class=\"android.view.ViewGroup\" package=\"com.ganji.android.haoche_c\" content-desc=\"\" checkable=\"false\" checked=\"false\" clickable=\"false\" enabled=\"true\" focusable=\"false\" focused=\"false\" scrollable=\"false\" long-clickable=\"false\" password=\"false\" selected=\"false\" bounds=\"[520,1883][1148,1939]\"><node index=\"0\" text=\"基础车况良好\" resource-id=\"\" class=\"android.widget.TextView\" package=\"com.ganji.android.haoche_c\" content-desc=\"\" checkable=\"false\" checked=\"false\" clickable=\"false\" enabled=\"true\" focusable=\"false\" focused=\"false\" scrollable=\"false\" long-clickable=\"false\" password=\"false\" selected=\"false\" bounds=\"[520,1883][772,1939]\" /><node index=\"1\" text=\"/\" resource-id=\"\" class=\"android.widget.TextView\" package=\"com.ganji.android.haoche_c\" content-desc=\"\" checkable=\"false\" checked=\"false\" clickable=\"false\" enabled=\"true\" focusable=\"false\" focused=\"false\" scrollable=\"false\" long-clickable=\"false\" password=\"false\" selected=\"false\" bounds=\"[784,1887][798,1936]\" /><node index=\"2\" text=\"理赔3次\" resource-id=\"\" class=\"android.widget.TextView\" package=\"com.ganji.android.haoche_c\" content-desc=\"\" checkable=\"false\" checked=\"false\" clickable=\"false\" enabled=\"true\" focusable=\"false\" focused=\"false\" scrollable=\"false\" long-clickable=\"false\" password=\"false\" selected=\"false\" bounds=\"[810,1883][961,1939]\" /><node index=\"3\" text=\"/\" resource-id=\"\" class=\"android.widget.TextView\" package=\"com.ganji.android.haoche_c\" content-desc=\"\" checkable=\"false\" checked=\"false\" clickable=\"false\" enabled=\"true\" focusable=\"false\" focused=\"false\" scrollable=\"false\" long-clickable=\"false\" password=\"false\" selected=\"false\" bounds=\"[972,1887][986,1936]\" /><node index=\"4\" text=\"过户2次\" resource-id=\"\" class=\"android.widget.TextView\" package=\"com.ganji.android.haoche_c\" content-desc=\"\" checkable=\"false\" checked=\"false\" clickable=\"false\" enabled=\"true\" focusable=\"false\" focused=\"false\" scrollable=\"false\" long-clickable=\"false\" password=\"false\" selected=\"false\" bounds=\"[998,1883][1148,1939]\" /></node></node><node index=\"4\" text=\"\" resource-id=\"\" class=\"android.view.ViewGroup\" package=\"com.ganji.android.haoche_c\" content-desc=\"\" checkable=\"false\" checked=\"false\" clickable=\"false\" enabled=\"true\" focusable=\"false\" focused=\"false\" scrollable=\"false\" long-clickable=\"false\" password=\"false\" selected=\"false\" bounds=\"[82,1983][1173,1986]\"><node index=\"0\" text=\"\" resource-id=\"\" class=\"com.horcrux.svg.SvgView\" package=\"com.ganji.android.haoche_c\" content-desc=\"\" checkable=\"false\" checked=\"false\" clickable=\"false\" enabled=\"true\" focusable=\"false\" focused=\"false\" scrollable=\"false\" long-clickable=\"false\" password=\"false\" selected=\"false\" bounds=\"[82,1983][1173,1986]\" /></node></node><node index=\"37\" text=\"\" resource-id=\"\" class=\"android.view.ViewGroup\" package=\"com.ganji.android.haoche_c\" content-desc=\"\" checkable=\"false\" checked=\"false\" clickable=\"false\" enabled=\"true\" focusable=\"false\" focused=\"false\" scrollable=\"false\" long-clickable=\"false\" password=\"false\" selected=\"false\" bounds=\"[47,1995][1173,2146]\"><node index=\"0\" text=\"\" resource-id=\"\" class=\"android.widget.HorizontalScrollView\" package=\"com.ganji.android.haoche_c\" content-desc=\"\" checkable=\"false\" checked=\"false\" clickable=\"false\" enabled=\"true\" focusable=\"true\" focused=\"false\" scrollable=\"true\" long-clickable=\"false\" password=\"false\" selected=\"false\" bounds=\"[82,2030][1143,2145]\"><node index=\"0\" text=\"\" resource-id=\"\" class=\"android.view.ViewGroup\" package=\"com.ganji.android.haoche_c\" content-desc=\"\" checkable=\"false\" checked=\"false\" clickable=\"false\" enabled=\"true\" focusable=\"false\" focused=\"false\" scrollable=\"false\" long-clickable=\"false\" password=\"false\" selected=\"false\" bounds=\"[82,2030][1143,2145]\"><node index=\"0\" text=\"\" resource-id=\"\" class=\"android.view.ViewGroup\" package=\"com.ganji.android.haoche_c\" content-desc=\"\" checkable=\"false\" checked=\"false\" clickable=\"false\" enabled=\"true\" focusable=\"false\" focused=\"false\" scrollable=\"false\" long-clickable=\"false\" password=\"false\" selected=\"false\" bounds=\"[82,2030][1143,2145]\"><node index=\"0\" text=\"\" resource-id=\"\" class=\"android.view.ViewGroup\" package=\"com.ganji.android.haoche_c\" content-desc=\"\" checkable=\"false\" checked=\"false\" clickable=\"false\" enabled=\"true\" focusable=\"false\" focused=\"false\" scrollable=\"false\" long-clickable=\"false\" password=\"false\" selected=\"false\" bounds=\"[82,2030][348,2145]\"><node index=\"0\" text=\"1.6L\" resource-id=\"\" class=\"android.widget.TextView\" package=\"com.ganji.android.haoche_c\" content-desc=\"\" checkable=\"false\" checked=\"false\" clickable=\"false\" enabled=\"true\" focusable=\"false\" focused=\"false\" scrollable=\"false\" long-clickable=\"false\" password=\"false\" selected=\"false\" bounds=\"[82,2030][159,2089]\" /><node index=\"1\" text=\"\" resource-id=\"\" class=\"android.view.ViewGroup\" package=\"com.ganji.android.haoche_c\" content-desc=\"\" checkable=\"false\" checked=\"false\" clickable=\"false\" enabled=\"true\" focusable=\"false\" focused=\"false\" scrollable=\"false\" long-clickable=\"false\" password=\"false\" selected=\"false\" bounds=\"[82,2095][312,2145]\"><node index=\"0\" text=\"发动机\" resource-id=\"\" class=\"android.widget.TextView\" package=\"com.ganji.android.haoche_c\" content-desc=\"\" checkable=\"false\" checked=\"false\" clickable=\"false\" enabled=\"true\" focusable=\"false\" focused=\"false\" scrollable=\"false\" long-clickable=\"false\" password=\"false\" selected=\"false\" bounds=\"[82,2095][190,2145]\" /></node></node><node index=\"1\" text=\"\" resource-id=\"\" class=\"android.view.ViewGroup\" package=\"com.ganji.android.haoche_c\" content-desc=\"\" checkable=\"false\" checked=\"false\" clickable=\"false\" enabled=\"true\" focusable=\"false\" focused=\"false\" scrollable=\"false\" long-clickable=\"false\" password=\"false\" selected=\"false\" bounds=\"[347,2030][612,2145]\"><node index=\"0\" text=\"自动\" resource-id=\"\" class=\"android.widget.TextView\" package=\"com.ganji.android.haoche_c\" content-desc=\"\" checkable=\"false\" checked=\"false\" clickable=\"false\" enabled=\"true\" focusable=\"false\" focused=\"false\" scrollable=\"false\" long-clickable=\"false\" password=\"false\" selected=\"false\" bounds=\"[347,2030][431,2089]\" /><node index=\"1\" text=\"\" resource-id=\"\" class=\"android.view.ViewGroup\" package=\"com.ganji.android.haoche_c\" content-desc=\"\" checkable=\"false\" checked=\"false\" clickable=\"false\" enabled=\"true\" focusable=\"false\" focused=\"false\" scrollable=\"false\" long-clickable=\"false\" password=\"false\" selected=\"false\" bounds=\"[347,2095][577,2145]\"><node index=\"0\" text=\"变速箱\" resource-id=\"\" class=\"android.widget.TextView\" package=\"com.ganji.android.haoche_c\" content-desc=\"\" checkable=\"false\" checked=\"false\" clickable=\"false\" enabled=\"true\" focusable=\"false\" focused=\"false\" scrollable=\"false\" long-clickable=\"false\" password=\"false\" selected=\"false\" bounds=\"[347,2095][455,2145]\" /></node></node><node index=\"2\" text=\"\" resource-id=\"\" class=\"android.view.ViewGroup\" package=\"com.ganji.android.haoche_c\" content-desc=\"\" checkable=\"false\" checked=\"false\" clickable=\"false\" enabled=\"true\" focusable=\"false\" focused=\"false\" scrollable=\"false\" long-clickable=\"false\" password=\"false\" selected=\"false\" bounds=\"[613,2030][878,2145]\"><node index=\"0\" text=\"国五\" resource-id=\"\" class=\"android.widget.TextView\" package=\"com.ganji.android.haoche_c\" content-desc=\"\" checkable=\"false\" checked=\"false\" clickable=\"false\" enabled=\"true\" focusable=\"false\" focused=\"false\" scrollable=\"false\" long-clickable=\"false\" password=\"false\" selected=\"false\" bounds=\"[613,2030][697,2089]\" /><node index=\"1\" text=\"\" resource-id=\"\" class=\"android.view.ViewGroup\" package=\"com.ganji.android.haoche_c\" content-desc=\"\" checkable=\"false\" checked=\"false\" clickable=\"false\" enabled=\"true\" focusable=\"false\" focused=\"false\" scrollable=\"false\" long-clickable=\"false\" password=\"false\" selected=\"false\" bounds=\"[613,2095][843,2145]\"><node index=\"0\" text=\"排放标准\" resource-id=\"\" class=\"android.widget.TextView\" package=\"com.ganji.android.haoche_c\" content-desc=\"\" checkable=\"false\" checked=\"false\" clickable=\"false\" enabled=\"true\" focusable=\"false\" focused=\"false\" scrollable=\"false\" long-clickable=\"false\" password=\"false\" selected=\"false\" bounds=\"[613,2095][757,2145]\" /><node index=\"1\" text=\"\" resource-id=\"image\" class=\"android.widget.ImageView\" package=\"com.ganji.android.haoche_c\" content-desc=\"\" checkable=\"false\" checked=\"false\" clickable=\"false\" enabled=\"true\" focusable=\"false\" focused=\"false\" scrollable=\"false\" long-clickable=\"false\" password=\"false\" selected=\"false\" bounds=\"[763,2104][795,2136]\" /></node></node><node index=\"3\" text=\"\" resource-id=\"\" class=\"android.view.ViewGroup\" package=\"com.ganji.android.haoche_c\" content-desc=\"\" checkable=\"false\" checked=\"false\" clickable=\"false\" enabled=\"true\" focusable=\"false\" focused=\"false\" scrollable=\"false\" long-clickable=\"false\" password=\"false\" selected=\"false\" bounds=\"[878,2030][1143,2145]\"><node index=\"0\" text=\"前置前驱\" resource-id=\"\" class=\"android.widget.TextView\" package=\"com.ganji.android.haoche_c\" content-desc=\"\" checkable=\"false\" checked=\"false\" clickable=\"false\" enabled=\"true\" focusable=\"false\" focused=\"false\" scrollable=\"false\" long-clickable=\"false\" password=\"false\" selected=\"false\" bounds=\"[878,2030][1046,2089]\" /><node index=\"1\" text=\"\" resource-id=\"\" class=\"android.view.ViewGroup\" package=\"com.ganji.android.haoche_c\" content-desc=\"\" checkable=\"false\" checked=\"false\" clickable=\"false\" enabled=\"true\" focusable=\"false\" focused=\"false\" scrollable=\"false\" long-clickable=\"false\" password=\"false\" selected=\"false\" bounds=\"[878,2095][1108,2145]\"><node index=\"0\" text=\"驱动方式\" resource-id=\"\" class=\"android.widget.TextView\" package=\"com.ganji.android.haoche_c\" content-desc=\"\" checkable=\"false\" checked=\"false\" clickable=\"false\" enabled=\"true\" focusable=\"false\" focused=\"false\" scrollable=\"false\" long-clickable=\"false\" password=\"false\" selected=\"false\" bounds=\"[878,2095][1022,2145]\" /></node></node></node></node></node><node index=\"1\" text=\"\" resource-id=\"image\" class=\"android.widget.ImageView\" package=\"com.ganji.android.haoche_c\" content-desc=\"\" checkable=\"false\" checked=\"false\" clickable=\"false\" enabled=\"true\" focusable=\"false\" focused=\"false\" scrollable=\"false\" long-clickable=\"false\" password=\"false\" selected=\"false\" bounds=\"[1143,2074][1173,2103]\" /></node><node index=\"38\" text=\"\" resource-id=\"\" class=\"android.view.ViewGroup\" package=\"com.ganji.android.haoche_c\" content-desc=\"\" checkable=\"false\" checked=\"false\" clickable=\"false\" enabled=\"true\" focusable=\"false\" focused=\"false\" scrollable=\"false\" long-clickable=\"false\" password=\"false\" selected=\"false\" bounds=\"[47,2146][1173,2298]\"><node index=\"0\" text=\"\" resource-id=\"\" class=\"android.widget.HorizontalScrollView\" package=\"com.ganji.android.haoche_c\" content-desc=\"\" checkable=\"false\" checked=\"false\" clickable=\"false\" enabled=\"true\" focusable=\"true\" focused=\"false\" scrollable=\"true\" long-clickable=\"false\" password=\"false\" selected=\"false\" bounds=\"[82,2181][1143,2297]\"><node index=\"0\" text=\"\" resource-id=\"\" class=\"android.view.ViewGroup\" package=\"com.ganji.android.haoche_c\" content-desc=\"\" checkable=\"false\" checked=\"false\" clickable=\"false\" enabled=\"true\" focusable=\"false\" focused=\"false\" scrollable=\"false\" long-clickable=\"false\" password=\"false\" selected=\"false\" bounds=\"[82,2181][613,2297]\"><node index=\"0\" text=\"\" resource-id=\"\" class=\"android.view.ViewGroup\" package=\"com.ganji.android.haoche_c\" content-desc=\"\" checkable=\"false\" checked=\"false\" clickable=\"false\" enabled=\"true\" focusable=\"false\" focused=\"false\" scrollable=\"false\" long-clickable=\"false\" password=\"false\" selected=\"false\" bounds=\"[82,2181][613,2297]\"><node index=\"0\" text=\"\" resource-id=\"\" class=\"android.view.ViewGroup\" package=\"com.ganji.android.haoche_c\" content-desc=\"\" checkable=\"false\" checked=\"false\" clickable=\"false\" enabled=\"true\" focusable=\"false\" focused=\"false\" scrollable=\"false\" long-clickable=\"false\" password=\"false\" selected=\"false\" bounds=\"[82,2181][348,2297]\"><node index=\"0\" text=\"3项\" resource-id=\"\" class=\"android.widget.TextView\" package=\"com.ganji.android.haoche_c\" content-desc=\"\" checkable=\"false\" checked=\"false\" clickable=\"false\" enabled=\"true\" focusable=\"false\" focused=\"false\" scrollable=\"false\" long-clickable=\"false\" password=\"false\" selected=\"false\" bounds=\"[82,2181][149,2240]\" /><node index=\"1\" text=\"\" resource-id=\"\" class=\"android.view.ViewGroup\" package=\"com.ganji.android.haoche_c\" content-desc=\"\" checkable=\"false\" checked=\"false\" clickable=\"false\" enabled=\"true\" focusable=\"false\" focused=\"false\" scrollable=\"false\" long-clickable=\"false\" password=\"false\" selected=\"false\" bounds=\"[155,2199][170,2223]\" /><node index=\"2\" text=\"\" resource-id=\"\" class=\"android.view.ViewGroup\" package=\"com.ganji.android.haoche_c\" content-desc=\"\" checkable=\"false\" checked=\"false\" clickable=\"false\" enabled=\"true\" focusable=\"false\" focused=\"false\" scrollable=\"false\" long-clickable=\"false\" password=\"false\" selected=\"false\" bounds=\"[82,2246][312,2297]\"><node index=\"0\" text=\"亮点配置\" resource-id=\"\" class=\"android.widget.TextView\" package=\"com.ganji.android.haoche_c\" content-desc=\"\" checkable=\"false\" checked=\"false\" clickable=\"false\" enabled=\"true\" focusable=\"false\" focused=\"false\" scrollable=\"false\" long-clickable=\"false\" password=\"false\" selected=\"false\" bounds=\"[82,2246][226,2297]\" /></node></node><node index=\"1\" text=\"\" resource-id=\"\" class=\"android.view.ViewGroup\" package=\"com.ganji.android.haoche_c\" content-desc=\"\" checkable=\"false\" checked=\"false\" clickable=\"false\" enabled=\"true\" focusable=\"false\" focused=\"false\" scrollable=\"false\" long-clickable=\"false\" password=\"false\" selected=\"false\" bounds=\"[347,2181][612,2297]\"><node index=\"0\" text=\"10项\" resource-id=\"\" class=\"android.widget.TextView\" package=\"com.ganji.android.haoche_c\" content-desc=\"\" checkable=\"false\" checked=\"false\" clickable=\"false\" enabled=\"true\" focusable=\"false\" focused=\"false\" scrollable=\"false\" long-clickable=\"false\" password=\"false\" selected=\"false\" bounds=\"[347,2181][433,2240]\" /><node index=\"1\" text=\"\" resource-id=\"\" class=\"android.view.ViewGroup\" package=\"com.ganji.android.haoche_c\" content-desc=\"\" checkable=\"false\" checked=\"false\" clickable=\"false\" enabled=\"true\" focusable=\"false\" focused=\"false\" scrollable=\"false\" long-clickable=\"false\" password=\"false\" selected=\"false\" bounds=\"[439,2199][453,2223]\" /><node index=\"2\" text=\"\" resource-id=\"\" class=\"android.view.ViewGroup\" package=\"com.ganji.android.haoche_c\" content-desc=\"\" checkable=\"false\" checked=\"false\" clickable=\"false\" enabled=\"true\" focusable=\"false\" focused=\"false\" scrollable=\"false\" long-clickable=\"false\" password=\"false\" selected=\"false\" bounds=\"[347,2246][577,2297]\"><node index=\"0\" text=\"安全配置\" resource-id=\"\" class=\"android.widget.TextView\" package=\"com.ganji.android.haoche_c\" content-desc=\"\" checkable=\"false\" checked=\"false\" clickable=\"false\" enabled=\"true\" focusable=\"false\" focused=\"false\" scrollable=\"false\" long-clickable=\"false\" password=\"false\" selected=\"false\" bounds=\"[347,2246][491,2297]\" /></node></node></node></node></node><node index=\"1\" text=\"\" resource-id=\"image\" class=\"android.widget.ImageView\" package=\"com.ganji.android.haoche_c\" content-desc=\"\" checkable=\"false\" checked=\"false\" clickable=\"false\" enabled=\"true\" focusable=\"false\" focused=\"false\" scrollable=\"false\" long-clickable=\"false\" password=\"false\" selected=\"false\" bounds=\"[1143,2225][1173,2254]\" /></node></node><node index=\"3\" text=\"\" resource-id=\"\" class=\"android.view.ViewGroup\" package=\"com.ganji.android.haoche_c\" content-desc=\"\" checkable=\"false\" checked=\"false\" clickable=\"false\" enabled=\"true\" focusable=\"false\" focused=\"false\" scrollable=\"false\" long-clickable=\"false\" password=\"false\" selected=\"false\" bounds=\"[26,2415][1194,2559]\"><node index=\"0\" text=\"\" resource-id=\"\" class=\"android.view.View\" package=\"com.ganji.android.haoche_c\" content-desc=\"\" checkable=\"false\" checked=\"false\" clickable=\"false\" enabled=\"true\" focusable=\"false\" focused=\"false\" scrollable=\"false\" long-clickable=\"false\" password=\"false\" selected=\"false\" bounds=\"[26,2415][1194,2559]\" /><node index=\"1\" text=\"\" resource-id=\"image\" class=\"android.widget.ImageView\" package=\"com.ganji.android.haoche_c\" content-desc=\"\" checkable=\"false\" checked=\"false\" clickable=\"false\" enabled=\"true\" focusable=\"false\" focused=\"false\" scrollable=\"false\" long-clickable=\"false\" password=\"false\" selected=\"false\" bounds=\"[65,2461][472,2506]\" /><node index=\"12\" text=\"\" resource-id=\"image\" class=\"android.widget.ImageView\" package=\"com.ganji.android.haoche_c\" content-desc=\"\" checkable=\"false\" checked=\"false\" clickable=\"false\" enabled=\"true\" focusable=\"false\" focused=\"false\" scrollable=\"false\" long-clickable=\"false\" password=\"false\" selected=\"false\" bounds=\"[934,2456][1194,2559]\" /></node></node></node></node><node index=\"1\" text=\"\" resource-id=\"\" class=\"android.view.ViewGroup\" package=\"com.ganji.android.haoche_c\" content-desc=\"\" checkable=\"false\" checked=\"false\" clickable=\"false\" enabled=\"true\" focusable=\"false\" focused=\"false\" scrollable=\"false\" long-clickable=\"false\" password=\"false\" selected=\"false\" bounds=\"[0,0][1220,253]\"><node index=\"0\" text=\"\" resource-id=\"image\" class=\"android.widget.ImageView\" package=\"com.ganji.android.haoche_c\" content-desc=\"\" checkable=\"false\" checked=\"false\" clickable=\"false\" enabled=\"true\" focusable=\"false\" focused=\"false\" scrollable=\"false\" long-clickable=\"false\" password=\"false\" selected=\"false\" bounds=\"[39,138][127,225]\" /><node index=\"1\" text=\"\" resource-id=\"\" class=\"android.view.ViewGroup\" package=\"com.ganji.android.haoche_c\" content-desc=\"\" checkable=\"false\" checked=\"false\" clickable=\"false\" enabled=\"true\" focusable=\"false\" focused=\"false\" scrollable=\"false\" long-clickable=\"false\" password=\"false\" selected=\"false\" bounds=\"[853,138][941,225]\"><node index=\"0\" text=\"\" resource-id=\"image\" class=\"android.widget.ImageView\" package=\"com.ganji.android.haoche_c\" content-desc=\"\" checkable=\"false\" checked=\"false\" clickable=\"false\" enabled=\"true\" focusable=\"false\" focused=\"false\" scrollable=\"false\" long-clickable=\"false\" password=\"false\" selected=\"false\" bounds=\"[853,138][941,225]\" /></node><node index=\"2\" text=\"\" resource-id=\"\" class=\"android.view.ViewGroup\" package=\"com.ganji.android.haoche_c\" content-desc=\"\" checkable=\"false\" checked=\"false\" clickable=\"false\" enabled=\"true\" focusable=\"false\" focused=\"false\" scrollable=\"false\" long-clickable=\"false\" password=\"false\" selected=\"false\" bounds=\"[973,138][1061,225]\"><node index=\"0\" text=\"\" resource-id=\"image\" class=\"android.widget.ImageView\" package=\"com.ganji.android.haoche_c\" content-desc=\"\" checkable=\"false\" checked=\"false\" clickable=\"false\" enabled=\"true\" focusable=\"false\" focused=\"false\" scrollable=\"false\" long-clickable=\"false\" password=\"false\" selected=\"false\" bounds=\"[983,148][1051,217]\" /></node><node index=\"3\" text=\"\" resource-id=\"\" class=\"android.view.ViewGroup\" package=\"com.ganji.android.haoche_c\" content-desc=\"\" checkable=\"false\" checked=\"false\" clickable=\"false\" enabled=\"true\" focusable=\"false\" focused=\"false\" scrollable=\"false\" long-clickable=\"false\" password=\"false\" selected=\"false\" bounds=\"[1093,138][1181,225]\"><node index=\"0\" text=\"\" resource-id=\"image\" class=\"android.widget.ImageView\" package=\"com.ganji.android.haoche_c\" content-desc=\"\" checkable=\"false\" checked=\"false\" clickable=\"false\" enabled=\"true\" focusable=\"false\" focused=\"false\" scrollable=\"false\" long-clickable=\"false\" password=\"false\" selected=\"false\" bounds=\"[1093,138][1181,225]\" /></node></node><node index=\"4\" text=\"\" resource-id=\"\" class=\"android.view.ViewGroup\" package=\"com.ganji.android.haoche_c\" content-desc=\"\" checkable=\"false\" checked=\"false\" clickable=\"false\" enabled=\"true\" focusable=\"false\" focused=\"false\" scrollable=\"false\" long-clickable=\"false\" password=\"false\" selected=\"false\" bounds=\"[959,464][1220,723]\"><node index=\"0\" text=\"\" resource-id=\"\" class=\"android.view.ViewGroup\" package=\"com.ganji.android.haoche_c\" content-desc=\"\" checkable=\"false\" checked=\"false\" clickable=\"false\" enabled=\"true\" focusable=\"false\" focused=\"false\" scrollable=\"false\" long-clickable=\"false\" password=\"false\" selected=\"false\" bounds=\"[959,464][1220,723]\"><node index=\"0\" text=\"\" resource-id=\"\" class=\"android.view.ViewGroup\" package=\"com.ganji.android.haoche_c\" content-desc=\"\" checkable=\"false\" checked=\"false\" clickable=\"false\" enabled=\"true\" focusable=\"false\" focused=\"false\" scrollable=\"false\" long-clickable=\"false\" password=\"false\" selected=\"false\" bounds=\"[959,464][1220,723]\"><node index=\"0\" text=\"\" resource-id=\"\" class=\"android.view.ViewGroup\" package=\"com.ganji.android.haoche_c\" content-desc=\"\" checkable=\"false\" checked=\"false\" clickable=\"false\" enabled=\"true\" focusable=\"false\" focused=\"false\" scrollable=\"false\" long-clickable=\"false\" password=\"false\" selected=\"false\" bounds=\"[959,464][1220,560]\"><node index=\"0\" text=\"\" resource-id=\"\" class=\"android.view.ViewGroup\" package=\"com.ganji.android.haoche_c\" content-desc=\"\" checkable=\"false\" checked=\"false\" clickable=\"false\" enabled=\"true\" focusable=\"false\" focused=\"false\" scrollable=\"false\" long-clickable=\"false\" password=\"false\" selected=\"false\" bounds=\"[988,464][1191,560]\"><node index=\"0\" text=\"\" resource-id=\"image\" class=\"android.widget.ImageView\" package=\"com.ganji.android.haoche_c\" content-desc=\"\" checkable=\"false\" checked=\"false\" clickable=\"false\" enabled=\"true\" focusable=\"false\" focused=\"false\" scrollable=\"false\" long-clickable=\"false\" password=\"false\" selected=\"false\" bounds=\"[988,489][1034,535]\" /><node index=\"1\" text=\"视频讲解\" resource-id=\"\" class=\"android.widget.TextView\" package=\"com.ganji.android.haoche_c\" content-desc=\"\" checkable=\"false\" checked=\"false\" clickable=\"false\" enabled=\"true\" focusable=\"false\" focused=\"false\" scrollable=\"false\" long-clickable=\"false\" password=\"false\" selected=\"false\" bounds=\"[1047,487][1191,536]\" /></node></node><node index=\"1\" text=\"顾问在线\" resource-id=\"\" class=\"android.widget.TextView\" package=\"com.ganji.android.haoche_c\" content-desc=\"\" checkable=\"false\" checked=\"false\" clickable=\"false\" enabled=\"true\" focusable=\"false\" focused=\"false\" scrollable=\"false\" long-clickable=\"false\" password=\"false\" selected=\"false\" bounds=\"[1018,580][1162,629]\" /><node index=\"2\" text=\"\" resource-id=\"\" class=\"android.view.ViewGroup\" package=\"com.ganji.android.haoche_c\" content-desc=\"\" checkable=\"false\" checked=\"false\" clickable=\"false\" enabled=\"true\" focusable=\"false\" focused=\"false\" scrollable=\"false\" long-clickable=\"false\" password=\"false\" selected=\"false\" bounds=\"[989,629][1190,711]\"><node index=\"0\" text=\"\" resource-id=\"\" class=\"android.view.View\" package=\"com.ganji.android.haoche_c\" content-desc=\"\" checkable=\"false\" checked=\"false\" clickable=\"false\" enabled=\"true\" focusable=\"false\" focused=\"false\" scrollable=\"false\" long-clickable=\"false\" password=\"false\" selected=\"false\" bounds=\"[989,649][1190,711]\" /><node index=\"1\" text=\"现在看\" resource-id=\"\" class=\"android.widget.TextView\" package=\"com.ganji.android.haoche_c\" content-desc=\"\" checkable=\"false\" checked=\"false\" clickable=\"false\" enabled=\"true\" focusable=\"false\" focused=\"false\" scrollable=\"false\" long-clickable=\"false\" password=\"false\" selected=\"false\" bounds=\"[989,649][1190,711]\" /></node></node></node></node><node index=\"5\" text=\"\" resource-id=\"\" class=\"android.view.ViewGroup\" package=\"com.ganji.android.haoche_c\" content-desc=\"\" checkable=\"false\" checked=\"false\" clickable=\"false\" enabled=\"true\" focusable=\"false\" focused=\"false\" scrollable=\"false\" long-clickable=\"false\" password=\"false\" selected=\"false\" bounds=\"[0,2344][1220,2559]\"><node index=\"0\" text=\"\" resource-id=\"\" class=\"android.view.ViewGroup\" package=\"com.ganji.android.haoche_c\" content-desc=\"\" checkable=\"false\" checked=\"false\" clickable=\"false\" enabled=\"true\" focusable=\"false\" focused=\"false\" scrollable=\"false\" long-clickable=\"false\" password=\"false\" selected=\"false\" bounds=\"[0,2344][1220,2559]\"><node index=\"0\" text=\"\" resource-id=\"\" class=\"android.view.ViewGroup\" package=\"com.ganji.android.haoche_c\" content-desc=\"\" checkable=\"false\" checked=\"false\" clickable=\"false\" enabled=\"true\" focusable=\"false\" focused=\"false\" scrollable=\"false\" long-clickable=\"false\" password=\"false\" selected=\"false\" bounds=\"[44,2380][132,2523]\"><node index=\"0\" text=\"\" resource-id=\"image\" class=\"android.widget.ImageView\" package=\"com.ganji.android.haoche_c\" content-desc=\"\" checkable=\"false\" checked=\"false\" clickable=\"false\" enabled=\"true\" focusable=\"false\" focused=\"false\" scrollable=\"false\" long-clickable=\"false\" password=\"false\" selected=\"false\" bounds=\"[44,2382][132,2471]\" /><node index=\"1\" text=\"电话\" resource-id=\"\" class=\"android.widget.TextView\" package=\"com.ganji.android.haoche_c\" content-desc=\"\" checkable=\"false\" checked=\"false\" clickable=\"false\" enabled=\"true\" focusable=\"false\" focused=\"false\" scrollable=\"false\" long-clickable=\"false\" password=\"false\" selected=\"false\" bounds=\"[44,2468][132,2513]\" /></node><node index=\"1\" text=\"\" resource-id=\"\" class=\"android.view.ViewGroup\" package=\"com.ganji.android.haoche_c\" content-desc=\"\" checkable=\"false\" checked=\"false\" clickable=\"false\" enabled=\"true\" focusable=\"false\" focused=\"false\" scrollable=\"false\" long-clickable=\"false\" password=\"false\" selected=\"false\" bounds=\"[177,2380][265,2523]\"><node index=\"0\" text=\"\" resource-id=\"\" class=\"android.view.ViewGroup\" package=\"com.ganji.android.haoche_c\" content-desc=\"\" checkable=\"false\" checked=\"false\" clickable=\"false\" enabled=\"true\" focusable=\"false\" focused=\"false\" scrollable=\"false\" long-clickable=\"false\" password=\"false\" selected=\"false\" bounds=\"[177,2382][265,2471]\"><node index=\"0\" text=\"\" resource-id=\"image\" class=\"android.widget.ImageView\" package=\"com.ganji.android.haoche_c\" content-desc=\"\" checkable=\"false\" checked=\"false\" clickable=\"false\" enabled=\"true\" focusable=\"false\" focused=\"false\" scrollable=\"false\" long-clickable=\"false\" password=\"false\" selected=\"false\" bounds=\"[177,2382][265,2471]\" /></node><node index=\"1\" text=\"收藏\" resource-id=\"\" class=\"android.widget.TextView\" package=\"com.ganji.android.haoche_c\" content-desc=\"\" checkable=\"false\" checked=\"false\" clickable=\"false\" enabled=\"true\" focusable=\"false\" focused=\"false\" scrollable=\"false\" long-clickable=\"false\" password=\"false\" selected=\"false\" bounds=\"[177,2468][265,2513]\" /></node><node index=\"2\" text=\"\" resource-id=\"\" class=\"android.view.ViewGroup\" package=\"com.ganji.android.haoche_c\" content-desc=\"\" checkable=\"false\" checked=\"false\" clickable=\"false\" enabled=\"true\" focusable=\"false\" focused=\"false\" scrollable=\"false\" long-clickable=\"false\" password=\"false\" selected=\"false\" bounds=\"[353,2373][623,2529]\"><node index=\"0\" text=\"咨询车况\" resource-id=\"\" class=\"android.widget.TextView\" package=\"com.ganji.android.haoche_c\" content-desc=\"\" checkable=\"false\" checked=\"false\" clickable=\"false\" enabled=\"true\" focusable=\"false\" focused=\"false\" scrollable=\"false\" long-clickable=\"false\" password=\"false\" selected=\"false\" bounds=\"[353,2423][623,2479]\" /></node><node index=\"3\" text=\"\" resource-id=\"\" class=\"android.view.ViewGroup\" package=\"com.ganji.android.haoche_c\" content-desc=\"\" checkable=\"false\" checked=\"false\" clickable=\"false\" enabled=\"true\" focusable=\"false\" focused=\"false\" scrollable=\"false\" long-clickable=\"false\" password=\"false\" selected=\"false\" bounds=\"[652,2373][900,2529]\"><node index=\"0\" text=\"讲价\" resource-id=\"\" class=\"android.widget.TextView\" package=\"com.ganji.android.haoche_c\" content-desc=\"\" checkable=\"false\" checked=\"false\" clickable=\"false\" enabled=\"true\" focusable=\"false\" focused=\"false\" scrollable=\"false\" long-clickable=\"false\" password=\"false\" selected=\"false\" bounds=\"[652,2399][900,2455]\" /><node index=\"1\" text=\"已有2人\" resource-id=\"\" class=\"android.widget.TextView\" package=\"com.ganji.android.haoche_c\" content-desc=\"\" checkable=\"false\" checked=\"false\" clickable=\"false\" enabled=\"true\" focusable=\"false\" focused=\"false\" scrollable=\"false\" long-clickable=\"false\" password=\"false\" selected=\"false\" bounds=\"[652,2455][900,2503]\" /></node><node index=\"4\" text=\"\" resource-id=\"\" class=\"android.view.ViewGroup\" package=\"com.ganji.android.haoche_c\" content-desc=\"\" checkable=\"false\" checked=\"false\" clickable=\"false\" enabled=\"true\" focusable=\"false\" focused=\"false\" scrollable=\"false\" long-clickable=\"false\" password=\"false\" selected=\"false\" bounds=\"[906,2373][1176,2529]\"><node index=\"0\" text=\"查看报价\" resource-id=\"\" class=\"android.widget.TextView\" package=\"com.ganji.android.haoche_c\" content-desc=\"\" checkable=\"false\" checked=\"false\" clickable=\"false\" enabled=\"true\" focusable=\"false\" focused=\"false\" scrollable=\"false\" long-clickable=\"false\" password=\"false\" selected=\"false\" bounds=\"[906,2423][1176,2479]\" /></node></node></node></node></node></node></node></node></node></node></node></node></node></node></node><node index=\"1\" text=\"\" resource-id=\"android:id/navigationBarBackground\" class=\"android.view.View\" package=\"com.ganji.android.haoche_c\" content-desc=\"\" checkable=\"false\" checked=\"false\" clickable=\"false\" enabled=\"true\" focusable=\"false\" focused=\"false\" scrollable=\"false\" long-clickable=\"false\" password=\"false\" selected=\"false\" bounds=\"[0,2559][1220,2712]\" /></node></hierarchy>",
    "fresh_screenshot": "C:\\Users\\lzc93\\Desktop\\定价\\guazi_app_data_system\\artifacts\\screenshots\\s10_to_s11_pre_dump_2_20260507_175754.png",
    "screenshot_is_black": false,
    "capture_metrics": {
      "power_ms": 90,
      "dumpsys_ms": 126,
      "screenshot_ms": 720,
      "xml_ms": 10332,
      "capture_total_ms": 10414,
      "screenshot_reused_from_pre_dump": 1
    },
    "s10_to_s11_xml_mode": "full_fallback",
    "screenshot_path": "C:\\Users\\lzc93\\Desktop\\定价\\guazi_app_data_system\\artifacts\\screenshots\\s10_to_s11_pre_dump_2_20260507_175754.png",
    "xml_path": "C:\\Users\\lzc93\\Desktop\\定价\\guazi_app_data_system\\artifacts\\debug\\s10_to_s11_20260507_175755_full_fallback.xml",
    "visible_texts": [
      "图片",
      "亮点",
      "检测",
      "1 / 23",
      "低价车",
      "8新·B",
      "2.52万",
      "2.55万",
      "2.75万",
      "2.52",
      "万",
      "新车含税价13.80万",
      "共优惠",
      "4100元",
      "订金2000元锁定补贴 现场试驾优先提车",
      "活动规则",
      "1成首付0.25万起，月供206元起",
      "更多方案",
      "福",
      "特",
      "克",
      "斯",
      "2",
      "0",
      "1",
      "7",
      "款",
      "两",
      "厢",
      ".",
      "6",
      "L",
      "自",
      "动",
      "舒",
      "适",
      "型",
      "智",
      "行",
      "版",
      "唐山",
      "检测报告",
      "车源号:166460118",
      "定级标准",
      "成色",
      "8",
      "7.81万公里",
      "/",
      "8年10个月",
      "车况",
      "B",
      "基础车况良好",
      "理赔3次",
      "过户2次",
      "1.6L",
      "发动机",
      "自动",
      "变速箱",
      "国五",
      "排放标准",
      "前置前驱",
      "驱动方式",
      "3项",
      "亮点配置",
      "10项",
      "安全配置",
      "视频讲解",
      "顾问在线",
      "现在看",
      "电话",
      "收藏",
      "咨询车况",
      "讲价",
      "已有2人",
      "查看报价"
    ],
    "visible_blob": "图片亮点检测1 / 23低价车8新·B2.52万2.55万2.75万2.52万新车含税价13.80万共优惠4100元订金2000元锁定补贴 现场试驾优先提车活动规则1成首付0.25万起，月供206元起更多方案福特克斯2017款两厢.6L自动舒适型智行版唐山检测报告车源号:166460118定级标准成色87.81万公里/8年10个月车况B基础车况良好理赔3次过户2次1.6L发动机自动变速箱国五排放标准前置前驱驱动方式3项亮点配置10项安全配置视频讲解顾问在线现在看电话收藏咨询车况讲价已有2人查看报价",
    "nodes": [
      {
        "text": "",
        "content_desc": "",
        "labels": [],
        "bounds": [
          0,
          0,
          1220,
          2712
        ],
        "clickable": false,
        "enabled": true,
        "selected": false,
        "resource_id": "",
        "package": "com.ganji.android.haoche_c",
        "class_name": "android.widget.FrameLayout"
      },
      {
        "text": "",
        "content_desc": "",
        "labels": [],
        "bounds": [
          0,
          0,
          1220,
          2559
        ],
        "clickable": false,
        "enabled": true,
        "selected": false,
        "resource_id": "",
        "package": "com.ganji.android.haoche_c",
        "class_name": "android.widget.LinearLayout"
      },
      {
        "text": "",
        "content_desc": "",
        "labels": [],
        "bounds": [
          0,
          0,
          1220,
          2559
        ],
        "clickable": false,
        "enabled": true,
        "selected": false,
        "resource_id": "",
        "package": "com.ganji.android.haoche_c",
        "class_name": "android.widget.FrameLayout"
      },
      {
        "text": "",
        "content_desc": "",
        "labels": [],
        "bounds": [
          0,
          0,
          1220,
          2559
        ],
        "clickable": false,
        "enabled": true,
        "selected": false,
        "resource_id": "com.ganji.android.haoche_c:id/action_bar_root",
        "package": "com.ganji.android.haoche_c",
        "class_name": "android.widget.LinearLayout"
      },
      {
        "text": "",
        "content_desc": "",
        "labels": [],
        "bounds": [
          0,
          0,
          1220,
          2559
        ],
        "clickable": false,
        "enabled": true,
        "selected": false,
        "resource_id": "android:id/content",
        "package": "com.ganji.android.haoche_c",
        "class_name": "android.widget.FrameLayout"
      },
      {
        "text": "",
        "content_desc": "",
        "labels": [],
        "bounds": [
          0,
          0,
          1220,
          2559
        ],
        "clickable": false,
        "enabled": true,
        "selected": false,
        "resource_id": "com.ganji.android.haoche_c:id/fl_content",
        "package": "com.ganji.android.haoche_c",
        "class_name": "android.widget.FrameLayout"
      },
      {
        "text": "",
        "content_desc": "",
        "labels": [],
        "bounds": [
          0,
          0,
          1220,
          2559
        ],
        "clickable": false,
        "enabled": true,
        "selected": false,
        "resource_id": "com.ganji.android.haoche_c:id/sub_container",
        "package": "com.ganji.android.haoche_c",
        "class_name": "android.widget.FrameLayout"
      },
      {
        "text": "",
        "content_desc": "",
        "labels": [],
        "bounds": [
          0,
          0,
          1220,
          2559
        ],
        "clickable": false,
        "enabled": true,
        "selected": false,
        "resource_id": "com.ganji.android.haoche_c:id/main_container",
        "package": "com.ganji.android.haoche_c",
        "class_name": "android.widget.FrameLayout"
      },
      {
        "text": "",
        "content_desc": "",
        "labels": [],
        "bounds": [
          0,
          0,
          1220,
          2559
        ],
        "clickable": true,
        "enabled": true,
        "selected": false,
        "resource_id": "",
        "package": "com.ganji.android.haoche_c",
        "class_name": "android.widget.FrameLayout"
      },
      {
        "text": "",
        "content_desc": "",
        "labels": [],
        "bounds": [
          0,
          0,
          1220,
          2559
        ],
        "clickable": false,
        "enabled": true,
        "selected": false,
        "resource_id": "com.ganji.android.haoche_c:id/grn_base_base_fragment_rfl",
        "package": "com.ganji.android.haoche_c",
        "class_name": "android.widget.FrameLayout"
      },
      {
        "text": "",
        "content_desc": "",
        "labels": [],
        "bounds": [
          0,
          0,
          1220,
          2559
        ],
        "clickable": false,
        "enabled": true,
        "selected": false,
        "resource_id": "",
        "package": "com.ganji.android.haoche_c",
        "class_name": "android.widget.FrameLayout"
      },
      {
        "text": "",
        "content_desc": "",
        "labels": [],
        "bounds": [
          0,
          0,
          1220,
          2559
        ],
        "clickable": false,
        "enabled": true,
        "selected": false,
        "resource_id": "",
        "package": "com.ganji.android.haoche_c",
        "class_name": "android.view.ViewGroup"
      },
      {
        "text": "",
        "content_desc": "",
        "labels": [],
        "bounds": [
          0,
          0,
          1220,
          2559
        ],
        "clickable": false,
        "enabled": true,
        "selected": false,
        "resource_id": "",
        "package": "com.ganji.android.haoche_c",
        "class_name": "android.view.ViewGroup"
      },
      {
        "text": "",
        "content_desc": "",
        "labels": [],
        "bounds": [
          0,
          0,
          1220,
          2559
        ],
        "clickable": false,
        "enabled": true,
        "selected": false,
        "resource_id": "",
        "package": "com.ganji.android.haoche_c",
        "class_name": "android.view.ViewGroup"
      },
      {
        "text": "",
        "content_desc": "",
        "labels": [],
        "bounds": [
          0,
          0,
          1220,
          2559
        ],
        "clickable": false,
        "enabled": true,
        "selected": false,
        "resource_id": "",
        "package": "com.ganji.android.haoche_c",
        "class_name": "android.widget.ScrollView"
      },
      {
        "text": "",
        "content_desc": "",
        "labels": [],
        "bounds": [
          0,
          0,
          1220,
          2559
        ],
        "clickable": false,
        "enabled": true,
        "selected": false,
        "resource_id": "",
        "package": "com.ganji.android.haoche_c",
        "class_name": "android.view.ViewGroup"
      },
      {
        "text": "",
        "content_desc": "",
        "labels": [],
        "bounds": [
          0,
          0,
          1220,
          2559
        ],
        "clickable": false,
        "enabled": true,
        "selected": false,
        "resource_id": "",
        "package": "com.ganji.android.haoche_c",
        "class_name": "android.view.ViewGroup"
      },
      {
        "text": "",
        "content_desc": "",
        "labels": [],
        "bounds": [
          0,
          0,
          1220,
          813
        ],
        "clickable": false,
        "enabled": true,
        "selected": false,
        "resource_id": "",
        "package": "com.ganji.android.haoche_c",
        "class_name": "android.view.ViewGroup"
      },
      {
        "text": "",
        "content_desc": "",
        "labels": [],
        "bounds": [
          0,
          0,
          1220,
          813
        ],
        "clickable": false,
        "enabled": true,
        "selected": false,
        "resource_id": "",
        "package": "com.ganji.android.haoche_c",
        "class_name": "android.view.ViewGroup"
      },
      {
        "text": "",
        "content_desc": "",
        "labels": [],
        "bounds": [
          0,
          0,
          1220,
          813
        ],
        "clickable": false,
        "enabled": true,
        "selected": false,
        "resource_id": "",
        "package": "com.ganji.android.haoche_c",
        "class_name": "android.view.ViewGroup"
      },
      {
        "text": "",
        "content_desc": "",
        "labels": [],
        "bounds": [
          0,
          0,
          1220,
          813
        ],
        "clickable": false,
        "enabled": true,
        "selected": false,
        "resource_id": "",
        "package": "com.ganji.android.haoche_c",
        "class_name": "android.view.ViewGroup"
      },
      {
        "text": "",
        "content_desc": "",
        "labels": [],
        "bounds": [
          0,
          0,
          1220,
          813
        ],
        "clickable": false,
        "enabled": true,
        "selected": false,
        "resource_id": "",
        "package": "com.ganji.android.haoche_c",
        "class_name": "android.widget.HorizontalScrollView"
      },
      {
        "text": "",
        "content_desc": "",
        "labels": [],
        "bounds": [
          0,
          0,
          1220,
          813
        ],
        "clickable": false,
        "enabled": true,
        "selected": false,
        "resource_id": "",
        "package": "com.ganji.android.haoche_c",
        "class_name": "android.view.ViewGroup"
      },
      {
        "text": "",
        "content_desc": "",
        "labels": [],
        "bounds": [
          0,
          0,
          1220,
          813
        ],
        "clickable": false,
        "enabled": true,
        "selected": false,
        "resource_id": "",
        "package": "com.ganji.android.haoche_c",
        "class_name": "android.view.ViewGroup"
      },
      {
        "text": "",
        "content_desc": "",
        "labels": [],
        "bounds": [
          0,
          0,
          1220,
          813
        ],
        "clickable": false,
        "enabled": true,
        "selected": false,
        "resource_id": "",
        "package": "com.ganji.android.haoche_c",
        "class_name": "android.view.ViewGroup"
      },
      {
        "text": "",
        "content_desc": "",
        "labels": [],
        "bounds": [
          0,
          0,
          1220,
          813
        ],
        "clickable": false,
        "enabled": true,
        "selected": false,
        "resource_id": "",
        "package": "com.ganji.android.haoche_c",
        "class_name": "android.view.ViewGroup"
      },
      {
        "text": "",
        "content_desc": "",
        "labels": [],
        "bounds": [
          0,
          0,
          1220,
          813
        ],
        "clickable": false,
        "enabled": true,
        "selected": false,
        "resource_id": "",
        "package": "com.ganji.android.haoche_c",
        "class_name": "android.view.ViewGroup"
      },
      {
        "text": "",
        "content_desc": "",
        "labels": [],
        "bounds": [
          0,
          0,
          1220,
          813
        ],
        "clickable": false,
        "enabled": true,
        "selected": false,
        "resource_id": "",
        "package": "com.ganji.android.haoche_c",
        "class_name": "android.view.ViewGroup"
      },
      {
        "text": "",
        "content_desc": "",
        "labels": [],
        "bounds": [
          0,
          0,
          1220,
          813
        ],
        "clickable": false,
        "enabled": true,
        "selected": false,
        "resource_id": "",
        "package": "com.ganji.android.haoche_c",
        "class_name": "android.widget.ImageView"
      },
      {
        "text": "",
        "content_desc": "",
        "labels": [],
        "bounds": [
          0,
          700,
          1220,
          813
        ],
        "clickable": false,
        "enabled": true,
        "selected": false,
        "resource_id": "",
        "package": "com.ganji.android.haoche_c",
        "class_name": "android.view.View"
      },
      {
        "text": "",
        "content_desc": "",
        "labels": [],
        "bounds": [
          0,
          708,
          1220,
          777
        ],
        "clickable": false,
        "enabled": true,
        "selected": false,
        "resource_id": "",
        "package": "com.ganji.android.haoche_c",
        "class_name": "android.view.ViewGroup"
      },
      {
        "text": "",
        "content_desc": "",
        "labels": [],
        "bounds": [
          427,
          708,
          793,
          777
        ],
        "clickable": false,
        "enabled": true,
        "selected": false,
        "resource_id": "",
        "package": "com.ganji.android.haoche_c",
        "class_name": "android.view.ViewGroup"
      },
      {
        "text": "",
        "content_desc": "",
        "labels": [],
        "bounds": [
          427,
          708,
          549,
          777
        ],
        "clickable": false,
        "enabled": true,
        "selected": false,
        "resource_id": "",
        "package": "com.ganji.android.haoche_c",
        "class_name": "android.view.ViewGroup"
      },
      {
        "text": "图片",
        "content_desc": "",
        "labels": [
          "图片"
        ],
        "bounds": [
          427,
          708,
          549,
          777
        ],
        "clickable": false,
        "enabled": true,
        "selected": false,
        "resource_id": "",
        "package": "com.ganji.android.haoche_c",
        "class_name": "android.widget.TextView"
      },
      {
        "text": "",
        "content_desc": "",
        "labels": [],
        "bounds": [
          549,
          708,
          671,
          777
        ],
        "clickable": false,
        "enabled": true,
        "selected": false,
        "resource_id": "",
        "package": "com.ganji.android.haoche_c",
        "class_name": "android.view.ViewGroup"
      },
      {
        "text": "亮点",
        "content_desc": "",
        "labels": [
          "亮点"
        ],
        "bounds": [
          549,
          708,
          671,
          777
        ],
        "clickable": false,
        "enabled": true,
        "selected": false,
        "resource_id": "",
        "package": "com.ganji.android.haoche_c",
        "class_name": "android.widget.TextView"
      },
      {
        "text": "",
        "content_desc": "",
        "labels": [],
        "bounds": [
          671,
          708,
          793,
          777
        ],
        "clickable": false,
        "enabled": true,
        "selected": false,
        "resource_id": "",
        "package": "com.ganji.android.haoche_c",
        "class_name": "android.view.ViewGroup"
      },
      {
        "text": "检测",
        "content_desc": "",
        "labels": [
          "检测"
        ],
        "bounds": [
          671,
          708,
          793,
          777
        ],
        "clickable": false,
        "enabled": true,
        "selected": false,
        "resource_id": "",
        "package": "com.ganji.android.haoche_c",
        "class_name": "android.widget.TextView"
      },
      {
        "text": "",
        "content_desc": "",
        "labels": [],
        "bounds": [
          1056,
          702,
          1188,
          774
        ],
        "clickable": false,
        "enabled": true,
        "selected": false,
        "resource_id": "",
        "package": "com.ganji.android.haoche_c",
        "class_name": "android.view.ViewGroup"
      },
      {
        "text": "1 / 23",
        "content_desc": "",
        "labels": [
          "1 / 23"
        ],
        "bounds": [
          1077,
          714,
          1167,
          763
        ],
        "clickable": false,
        "enabled": true,
        "selected": false,
        "resource_id": "",
        "package": "com.ganji.android.haoche_c",
        "class_name": "android.widget.TextView"
      },
      {
        "text": "",
        "content_desc": "",
        "labels": [],
        "bounds": [
          0,
          813,
          1220,
          1027
        ],
        "clickable": false,
        "enabled": true,
        "selected": false,
        "resource_id": "",
        "package": "com.ganji.android.haoche_c",
        "class_name": "android.view.ViewGroup"
      },
      {
        "text": "",
        "content_desc": "",
        "labels": [],
        "bounds": [
          0,
          813,
          1220,
          1026
        ],
        "clickable": false,
        "enabled": true,
        "selected": false,
        "resource_id": "",
        "package": "com.ganji.android.haoche_c",
        "class_name": "android.view.ViewGroup"
      },
      {
        "text": "",
        "content_desc": "",
        "labels": [],
        "bounds": [
          52,
          813,
          1220,
          1026
        ],
        "clickable": false,
        "enabled": true,
        "selected": false,
        "resource_id": "",
        "package": "com.ganji.android.haoche_c",
        "class_name": "android.widget.HorizontalScrollView"
      },
      {
        "text": "",
        "content_desc": "",
        "labels": [],
        "bounds": [
          52,
          813,
          1187,
          1026
        ],
        "clickable": false,
        "enabled": true,
        "selected": false,
        "resource_id": "",
        "package": "com.ganji.android.haoche_c",
        "class_name": "android.view.ViewGroup"
      },
      {
        "text": "",
        "content_desc": "",
        "labels": [],
        "bounds": [
          52,
          864,
          400,
          1026
        ],
        "clickable": false,
        "enabled": true,
        "selected": false,
        "resource_id": "",
        "package": "com.ganji.android.haoche_c",
        "class_name": "android.view.ViewGroup"
      },
      {
        "text": "",
        "content_desc": "",
        "labels": [],
        "bounds": [
          52,
          864,
          120,
          916
        ],
        "clickable": false,
        "enabled": true,
        "selected": false,
        "resource_id": "image",
        "package": "com.ganji.android.haoche_c",
        "class_name": "android.widget.ImageView"
      },
      {
        "text": "",
        "content_desc": "",
        "labels": [],
        "bounds": [
          285,
          864,
          397,
          887
        ],
        "clickable": false,
        "enabled": true,
        "selected": false,
        "resource_id": "",
        "package": "com.ganji.android.haoche_c",
        "class_name": "android.view.ViewGroup"
      },
      {
        "text": "低价车",
        "content_desc": "",
        "labels": [
          "低价车"
        ],
        "bounds": [
          292,
          864,
          391,
          884
        ],
        "clickable": false,
        "enabled": true,
        "selected": false,
        "resource_id": "",
        "package": "com.ganji.android.haoche_c",
        "class_name": "android.widget.TextView"
      },
      {
        "text": "",
        "content_desc": "",
        "labels": [],
        "bounds": [
          78,
          890,
          215,
          1000
        ],
        "clickable": false,
        "enabled": true,
        "selected": false,
        "resource_id": "",
        "package": "com.ganji.android.haoche_c",
        "class_name": "android.view.ViewGroup"
      },
      {
        "text": "",
        "content_desc": "",
        "labels": [],
        "bounds": [
          78,
          890,
          215,
          1000
        ],
        "clickable": false,
        "enabled": true,
        "selected": false,
        "resource_id": "image",
        "package": "com.ganji.android.haoche_c",
        "class_name": "android.widget.ImageView"
      },
      {
        "text": "8新·B",
        "content_desc": "",
        "labels": [
          "8新·B"
        ],
        "bounds": [
          241,
          891,
          374,
          945
        ],
        "clickable": false,
        "enabled": true,
        "selected": false,
        "resource_id": "",
        "package": "com.ganji.android.haoche_c",
        "class_name": "android.widget.TextView"
      },
      {
        "text": "2.52万",
        "content_desc": "",
        "labels": [
          "2.52万"
        ],
        "bounds": [
          241,
          945,
          360,
          999
        ],
        "clickable": false,
        "enabled": true,
        "selected": false,
        "resource_id": "",
        "package": "com.ganji.android.haoche_c",
        "class_name": "android.widget.TextView"
      },
      {
        "text": "",
        "content_desc": "",
        "labels": [],
        "bounds": [
          426,
          864,
          774,
          1026
        ],
        "clickable": false,
        "enabled": true,
        "selected": false,
        "resource_id": "",
        "package": "com.ganji.android.haoche_c",
        "class_name": "android.view.ViewGroup"
      },
      {
        "text": "",
        "content_desc": "",
        "labels": [],
        "bounds": [
          426,
          864,
          495,
          916
        ],
        "clickable": false,
        "enabled": true,
        "selected": false,
        "resource_id": "image",
        "package": "com.ganji.android.haoche_c",
        "class_name": "android.widget.ImageView"
      },
      {
        "text": "",
        "content_desc": "",
        "labels": [],
        "bounds": [
          452,
          890,
          589,
          1000
        ],
        "clickable": false,
        "enabled": true,
        "selected": false,
        "resource_id": "",
        "package": "com.ganji.android.haoche_c",
        "class_name": "android.view.ViewGroup"
      },
      {
        "text": "",
        "content_desc": "",
        "labels": [],
        "bounds": [
          452,
          890,
          589,
          1000
        ],
        "clickable": false,
        "enabled": true,
        "selected": false,
        "resource_id": "image",
        "package": "com.ganji.android.haoche_c",
        "class_name": "android.widget.ImageView"
      },
      {
        "text": "8新·B",
        "content_desc": "",
        "labels": [
          "8新·B"
        ],
        "bounds": [
          615,
          891,
          748,
          945
        ],
        "clickable": false,
        "enabled": true,
        "selected": false,
        "resource_id": "",
        "package": "com.ganji.android.haoche_c",
        "class_name": "android.widget.TextView"
      },
      {
        "text": "2.55万",
        "content_desc": "",
        "labels": [
          "2.55万"
        ],
        "bounds": [
          615,
          945,
          734,
          999
        ],
        "clickable": false,
        "enabled": true,
        "selected": false,
        "resource_id": "",
        "package": "com.ganji.android.haoche_c",
        "class_name": "android.widget.TextView"
      },
      {
        "text": "",
        "content_desc": "",
        "labels": [],
        "bounds": [
          800,
          864,
          1148,
          1026
        ],
        "clickable": false,
        "enabled": true,
        "selected": false,
        "resource_id": "",
        "package": "com.ganji.android.haoche_c",
        "class_name": "android.view.ViewGroup"
      },
      {
        "text": "",
        "content_desc": "",
        "labels": [],
        "bounds": [
          826,
          890,
          963,
          1000
        ],
        "clickable": false,
        "enabled": true,
        "selected": false,
        "resource_id": "",
        "package": "com.ganji.android.haoche_c",
        "class_name": "android.view.ViewGroup"
      },
      {
        "text": "",
        "content_desc": "",
        "labels": [],
        "bounds": [
          826,
          890,
          963,
          1000
        ],
        "clickable": false,
        "enabled": true,
        "selected": false,
        "resource_id": "image",
        "package": "com.ganji.android.haoche_c",
        "class_name": "android.widget.ImageView"
      },
      {
        "text": "8新·B",
        "content_desc": "",
        "labels": [
          "8新·B"
        ],
        "bounds": [
          989,
          891,
          1122,
          945
        ],
        "clickable": false,
        "enabled": true,
        "selected": false,
        "resource_id": "",
        "package": "com.ganji.android.haoche_c",
        "class_name": "android.widget.TextView"
      },
      {
        "text": "2.75万",
        "content_desc": "",
        "labels": [
          "2.75万"
        ],
        "bounds": [
          989,
          945,
          1106,
          999
        ],
        "clickable": false,
        "enabled": true,
        "selected": false,
        "resource_id": "",
        "package": "com.ganji.android.haoche_c",
        "class_name": "android.widget.TextView"
      },
      {
        "text": "",
        "content_desc": "",
        "labels": [],
        "bounds": [
          1181,
          813,
          1220,
          1026
        ],
        "clickable": false,
        "enabled": true,
        "selected": false,
        "resource_id": "",
        "package": "com.ganji.android.haoche_c",
        "class_name": "android.view.View"
      },
      {
        "text": "",
        "content_desc": "",
        "labels": [],
        "bounds": [
          0,
          1027,
          1220,
          2392
        ],
        "clickable": false,
        "enabled": true,
        "selected": false,
        "resource_id": "",
        "package": "com.ganji.android.haoche_c",
        "class_name": "android.view.ViewGroup"
      },
      {
        "text": "",
        "content_desc": "",
        "labels": [],
        "bounds": [
          0,
          1074,
          1220,
          1369
        ],
        "clickable": false,
        "enabled": true,
        "selected": false,
        "resource_id": "",
        "package": "com.ganji.android.haoche_c",
        "class_name": "android.view.ViewGroup"
      },
      {
        "text": "",
        "content_desc": "",
        "labels": [],
        "bounds": [
          47,
          1109,
          1173,
          1217
        ],
        "clickable": false,
        "enabled": true,
        "selected": false,
        "resource_id": "",
        "package": "com.ganji.android.haoche_c",
        "class_name": "android.view.ViewGroup"
      },
      {
        "text": "2.52",
        "content_desc": "",
        "labels": [
          "2.52"
        ],
        "bounds": [
          47,
          1109,
          219,
          1217
        ],
        "clickable": false,
        "enabled": true,
        "selected": false,
        "resource_id": "",
        "package": "com.ganji.android.haoche_c",
        "class_name": "android.widget.TextView"
      },
      {
        "text": "",
        "content_desc": "",
        "labels": [],
        "bounds": [
          219,
          1150,
          615,
          1206
        ],
        "clickable": false,
        "enabled": true,
        "selected": false,
        "resource_id": "",
        "package": "com.ganji.android.haoche_c",
        "class_name": "android.view.ViewGroup"
      },
      {
        "text": "万",
        "content_desc": "",
        "labels": [
          "万"
        ],
        "bounds": [
          225,
          1150,
          267,
          1206
        ],
        "clickable": false,
        "enabled": true,
        "selected": false,
        "resource_id": "",
        "package": "com.ganji.android.haoche_c",
        "class_name": "android.widget.TextView"
      },
      {
        "text": "",
        "content_desc": "",
        "labels": [],
        "bounds": [
          267,
          1163,
          296,
          1192
        ],
        "clickable": false,
        "enabled": true,
        "selected": false,
        "resource_id": "image",
        "package": "com.ganji.android.haoche_c",
        "class_name": "android.widget.ImageView"
      },
      {
        "text": "新车含税价13.80万",
        "content_desc": "",
        "labels": [
          "新车含税价13.80万"
        ],
        "bounds": [
          308,
          1154,
          615,
          1203
        ],
        "clickable": false,
        "enabled": true,
        "selected": false,
        "resource_id": "",
        "package": "com.ganji.android.haoche_c",
        "class_name": "android.widget.TextView"
      },
      {
        "text": "",
        "content_desc": "",
        "labels": [],
        "bounds": [
          47,
          1235,
          754,
          1290
        ],
        "clickable": false,
        "enabled": true,
        "selected": false,
        "resource_id": "",
        "package": "com.ganji.android.haoche_c",
        "class_name": "android.widget.HorizontalScrollView"
      },
      {
        "text": "",
        "content_desc": "",
        "labels": [],
        "bounds": [
          47,
          1235,
          754,
          1290
        ],
        "clickable": false,
        "enabled": true,
        "selected": false,
        "resource_id": "",
        "package": "com.ganji.android.haoche_c",
        "class_name": "android.view.ViewGroup"
      },
      {
        "text": "",
        "content_desc": "",
        "labels": [],
        "bounds": [
          47,
          1235,
          371,
          1288
        ],
        "clickable": false,
        "enabled": true,
        "selected": false,
        "resource_id": "",
        "package": "com.ganji.android.haoche_c",
        "class_name": "android.view.ViewGroup"
      },
      {
        "text": "",
        "content_desc": "",
        "labels": [],
        "bounds": [
          60,
          1244,
          96,
          1279
        ],
        "clickable": false,
        "enabled": true,
        "selected": false,
        "resource_id": "image",
        "package": "com.ganji.android.haoche_c",
        "class_name": "android.widget.ImageView"
      },
      {
        "text": "共优惠",
        "content_desc": "",
        "labels": [
          "共优惠"
        ],
        "bounds": [
          101,
          1237,
          209,
          1286
        ],
        "clickable": false,
        "enabled": true,
        "selected": false,
        "resource_id": "",
        "package": "com.ganji.android.haoche_c",
        "class_name": "android.widget.TextView"
      },
      {
        "text": "",
        "content_desc": "",
        "labels": [],
        "bounds": [
          219,
          1235,
          231,
          1288
        ],
        "clickable": false,
        "enabled": true,
        "selected": false,
        "resource_id": "image",
        "package": "com.ganji.android.haoche_c",
        "class_name": "android.widget.ImageView"
      },
      {
        "text": "4100元",
        "content_desc": "",
        "labels": [
          "4100元"
        ],
        "bounds": [
          238,
          1237,
          357,
          1286
        ],
        "clickable": false,
        "enabled": true,
        "selected": false,
        "resource_id": "",
        "package": "com.ganji.android.haoche_c",
        "class_name": "android.widget.TextView"
      },
      {
        "text": "",
        "content_desc": "",
        "labels": [],
        "bounds": [
          383,
          1235,
          754,
          1288
        ],
        "clickable": false,
        "enabled": true,
        "selected": false,
        "resource_id": "",
        "package": "com.ganji.android.haoche_c",
        "class_name": "android.view.ViewGroup"
      },
      {
        "text": "订金2000元锁定补贴 现场试驾优先提车",
        "content_desc": "",
        "labels": [
          "订金2000元锁定补贴 现场试驾优先提车"
        ],
        "bounds": [
          396,
          1237,
          754,
          1286
        ],
        "clickable": false,
        "enabled": true,
        "selected": false,
        "resource_id": "",
        "package": "com.ganji.android.haoche_c",
        "class_name": "android.widget.TextView"
      },
      {
        "text": "",
        "content_desc": "",
        "labels": [],
        "bounds": [
          1047,
          1247,
          754,
          1277
        ],
        "clickable": false,
        "enabled": true,
        "selected": false,
        "resource_id": "image",
        "package": "com.ganji.android.haoche_c",
        "class_name": "android.widget.ImageView"
      },
      {
        "text": "",
        "content_desc": "",
        "labels": [],
        "bounds": [
          708,
          1074,
          1220,
          1369
        ],
        "clickable": false,
        "enabled": true,
        "selected": false,
        "resource_id": "",
        "package": "com.ganji.android.haoche_c",
        "class_name": "android.view.ViewGroup"
      },
      {
        "text": "",
        "content_desc": "",
        "labels": [],
        "bounds": [
          708,
          1074,
          1220,
          1369
        ],
        "clickable": false,
        "enabled": true,
        "selected": false,
        "resource_id": "image",
        "package": "com.ganji.android.haoche_c",
        "class_name": "android.widget.ImageView"
      },
      {
        "text": "",
        "content_desc": "",
        "labels": [],
        "bounds": [
          961,
          1074,
          1161,
          1369
        ],
        "clickable": false,
        "enabled": true,
        "selected": false,
        "resource_id": "",
        "package": "com.ganji.android.haoche_c",
        "class_name": "android.view.ViewGroup"
      },
      {
        "text": "",
        "content_desc": "",
        "labels": [],
        "bounds": [
          961,
          1147,
          1161,
          1192
        ],
        "clickable": false,
        "enabled": true,
        "selected": false,
        "resource_id": "image",
        "package": "com.ganji.android.haoche_c",
        "class_name": "android.widget.ImageView"
      },
      {
        "text": "",
        "content_desc": "",
        "labels": [],
        "bounds": [
          971,
          1211,
          1151,
          1260
        ],
        "clickable": false,
        "enabled": true,
        "selected": false,
        "resource_id": "",
        "package": "com.ganji.android.haoche_c",
        "class_name": "android.view.ViewGroup"
      },
      {
        "text": "活动规则",
        "content_desc": "",
        "labels": [
          "活动规则"
        ],
        "bounds": [
          971,
          1211,
          1115,
          1260
        ],
        "clickable": false,
        "enabled": true,
        "selected": false,
        "resource_id": "",
        "package": "com.ganji.android.haoche_c",
        "class_name": "android.widget.TextView"
      },
      {
        "text": "",
        "content_desc": "",
        "labels": [],
        "bounds": [
          1115,
          1218,
          1151,
          1253
        ],
        "clickable": false,
        "enabled": true,
        "selected": false,
        "resource_id": "image",
        "package": "com.ganji.android.haoche_c",
        "class_name": "android.widget.ImageView"
      },
      {
        "text": "",
        "content_desc": "",
        "labels": [],
        "bounds": [
          0,
          1333,
          1220,
          1427
        ],
        "clickable": false,
        "enabled": true,
        "selected": false,
        "resource_id": "image",
        "package": "com.ganji.android.haoche_c",
        "class_name": "android.widget.ImageView"
      },
      {
        "text": "",
        "content_desc": "",
        "labels": [],
        "bounds": [
          47,
          1392,
          1173,
          1481
        ],
        "clickable": false,
        "enabled": true,
        "selected": false,
        "resource_id": "",
        "package": "com.ganji.android.haoche_c",
        "class_name": "android.view.ViewGroup"
      },
      {
        "text": "",
        "content_desc": "",
        "labels": [],
        "bounds": [
          47,
          1392,
          1173,
          1481
        ],
        "clickable": false,
        "enabled": true,
        "selected": false,
        "resource_id": "image",
        "package": "com.ganji.android.haoche_c",
        "class_name": "android.widget.ImageView"
      },
      {
        "text": "",
        "content_desc": "",
        "labels": [],
        "bounds": [
          47,
          1392,
          1173,
          1481
        ],
        "clickable": false,
        "enabled": true,
        "selected": false,
        "resource_id": "",
        "package": "com.ganji.android.haoche_c",
        "class_name": "android.view.ViewGroup"
      },
      {
        "text": "",
        "content_desc": "",
        "labels": [],
        "bounds": [
          71,
          1417,
          274,
          1456
        ],
        "clickable": false,
        "enabled": true,
        "selected": false,
        "resource_id": "image",
        "package": "com.ganji.android.haoche_c",
        "class_name": "android.widget.ImageView"
      },
      {
        "text": "1成首付0.25万起，月供206元起",
        "content_desc": "",
        "labels": [
          "1成首付0.25万起，月供206元起"
        ],
        "bounds": [
          298,
          1412,
          1000,
          1461
        ],
        "clickable": false,
        "enabled": true,
        "selected": false,
        "resource_id": "",
        "package": "com.ganji.android.haoche_c",
        "class_name": "android.widget.TextView"
      },
      {
        "text": "更多方案",
        "content_desc": "",
        "labels": [
          "更多方案"
        ],
        "bounds": [
          999,
          1412,
          1143,
          1461
        ],
        "clickable": false,
        "enabled": true,
        "selected": false,
        "resource_id": "",
        "package": "com.ganji.android.haoche_c",
        "class_name": "android.widget.TextView"
      },
      {
        "text": "",
        "content_desc": "",
        "labels": [],
        "bounds": [
          1143,
          1421,
          1173,
          1450
        ],
        "clickable": false,
        "enabled": true,
        "selected": false,
        "resource_id": "image",
        "package": "com.ganji.android.haoche_c",
        "class_name": "android.widget.ImageView"
      },
      {
        "text": "福",
        "content_desc": "",
        "labels": [
          "福"
        ],
        "bounds": [
          47,
          1516,
          100,
          1587
        ],
        "clickable": false,
        "enabled": true,
        "selected": false,
        "resource_id": "",
        "package": "com.ganji.android.haoche_c",
        "class_name": "android.widget.TextView"
      },
      {
        "text": "特",
        "content_desc": "",
        "labels": [
          "特"
        ],
        "bounds": [
          100,
          1516,
          153,
          1587
        ],
        "clickable": false,
        "enabled": true,
        "selected": false,
        "resource_id": "",
        "package": "com.ganji.android.haoche_c",
        "class_name": "android.widget.TextView"
      },
      {
        "text": "",
        "content_desc": "",
        "labels": [],
        "bounds": [
          153,
          1516,
          169,
          1587
        ],
        "clickable": false,
        "enabled": true,
        "selected": false,
        "resource_id": "",
        "package": "com.ganji.android.haoche_c",
        "class_name": "android.widget.TextView"
      },
      {
        "text": "福",
        "content_desc": "",
        "labels": [
          "福"
        ],
        "bounds": [
          169,
          1516,
          222,
          1587
        ],
        "clickable": false,
        "enabled": true,
        "selected": false,
        "resource_id": "",
        "package": "com.ganji.android.haoche_c",
        "class_name": "android.widget.TextView"
      },
      {
        "text": "克",
        "content_desc": "",
        "labels": [
          "克"
        ],
        "bounds": [
          222,
          1516,
          275,
          1587
        ],
        "clickable": false,
        "enabled": true,
        "selected": false,
        "resource_id": "",
        "package": "com.ganji.android.haoche_c",
        "class_name": "android.widget.TextView"
      },
      {
        "text": "斯",
        "content_desc": "",
        "labels": [
          "斯"
        ],
        "bounds": [
          275,
          1516,
          328,
          1587
        ],
        "clickable": false,
        "enabled": true,
        "selected": false,
        "resource_id": "",
        "package": "com.ganji.android.haoche_c",
        "class_name": "android.widget.TextView"
      },
      {
        "text": "",
        "content_desc": "",
        "labels": [],
        "bounds": [
          328,
          1516,
          344,
          1587
        ],
        "clickable": false,
        "enabled": true,
        "selected": false,
        "resource_id": "",
        "package": "com.ganji.android.haoche_c",
        "class_name": "android.widget.TextView"
      },
      {
        "text": "2",
        "content_desc": "",
        "labels": [
          "2"
        ],
        "bounds": [
          344,
          1516,
          375,
          1587
        ],
        "clickable": false,
        "enabled": true,
        "selected": false,
        "resource_id": "",
        "package": "com.ganji.android.haoche_c",
        "class_name": "android.widget.TextView"
      },
      {
        "text": "0",
        "content_desc": "",
        "labels": [
          "0"
        ],
        "bounds": [
          375,
          1516,
          410,
          1587
        ],
        "clickable": false,
        "enabled": true,
        "selected": false,
        "resource_id": "",
        "package": "com.ganji.android.haoche_c",
        "class_name": "android.widget.TextView"
      },
      {
        "text": "1",
        "content_desc": "",
        "labels": [
          "1"
        ],
        "bounds": [
          410,
          1516,
          434,
          1587
        ],
        "clickable": false,
        "enabled": true,
        "selected": false,
        "resource_id": "",
        "package": "com.ganji.android.haoche_c",
        "class_name": "android.widget.TextView"
      },
      {
        "text": "7",
        "content_desc": "",
        "labels": [
          "7"
        ],
        "bounds": [
          434,
          1516,
          463,
          1587
        ],
        "clickable": false,
        "enabled": true,
        "selected": false,
        "resource_id": "",
        "package": "com.ganji.android.haoche_c",
        "class_name": "android.widget.TextView"
      },
      {
        "text": "款",
        "content_desc": "",
        "labels": [
          "款"
        ],
        "bounds": [
          463,
          1516,
          516,
          1587
        ],
        "clickable": false,
        "enabled": true,
        "selected": false,
        "resource_id": "",
        "package": "com.ganji.android.haoche_c",
        "class_name": "android.widget.TextView"
      },
      {
        "text": "",
        "content_desc": "",
        "labels": [],
        "bounds": [
          516,
          1516,
          532,
          1587
        ],
        "clickable": false,
        "enabled": true,
        "selected": false,
        "resource_id": "",
        "package": "com.ganji.android.haoche_c",
        "class_name": "android.widget.TextView"
      },
      {
        "text": "两",
        "content_desc": "",
        "labels": [
          "两"
        ],
        "bounds": [
          532,
          1516,
          585,
          1587
        ],
        "clickable": false,
        "enabled": true,
        "selected": false,
        "resource_id": "",
        "package": "com.ganji.android.haoche_c",
        "class_name": "android.widget.TextView"
      },
      {
        "text": "厢",
        "content_desc": "",
        "labels": [
          "厢"
        ],
        "bounds": [
          585,
          1516,
          638,
          1587
        ],
        "clickable": false,
        "enabled": true,
        "selected": false,
        "resource_id": "",
        "package": "com.ganji.android.haoche_c",
        "class_name": "android.widget.TextView"
      },
      {
        "text": "",
        "content_desc": "",
        "labels": [],
        "bounds": [
          638,
          1516,
          654,
          1587
        ],
        "clickable": false,
        "enabled": true,
        "selected": false,
        "resource_id": "",
        "package": "com.ganji.android.haoche_c",
        "class_name": "android.widget.TextView"
      },
      {
        "text": "1",
        "content_desc": "",
        "labels": [
          "1"
        ],
        "bounds": [
          654,
          1516,
          678,
          1587
        ],
        "clickable": false,
        "enabled": true,
        "selected": false,
        "resource_id": "",
        "package": "com.ganji.android.haoche_c",
        "class_name": "android.widget.TextView"
      },
      {
        "text": ".",
        "content_desc": "",
        "labels": [
          "."
        ],
        "bounds": [
          678,
          1516,
          692,
          1587
        ],
        "clickable": false,
        "enabled": true,
        "selected": false,
        "resource_id": "",
        "package": "com.ganji.android.haoche_c",
        "class_name": "android.widget.TextView"
      },
      {
        "text": "6",
        "content_desc": "",
        "labels": [
          "6"
        ],
        "bounds": [
          692,
          1516,
          725,
          1587
        ],
        "clickable": false,
        "enabled": true,
        "selected": false,
        "resource_id": "",
        "package": "com.ganji.android.haoche_c",
        "class_name": "android.widget.TextView"
      },
      {
        "text": "L",
        "content_desc": "",
        "labels": [
          "L"
        ],
        "bounds": [
          725,
          1516,
          756,
          1587
        ],
        "clickable": false,
        "enabled": true,
        "selected": false,
        "resource_id": "",
        "package": "com.ganji.android.haoche_c",
        "class_name": "android.widget.TextView"
      },
      {
        "text": "",
        "content_desc": "",
        "labels": [],
        "bounds": [
          756,
          1516,
          772,
          1587
        ],
        "clickable": false,
        "enabled": true,
        "selected": false,
        "resource_id": "",
        "package": "com.ganji.android.haoche_c",
        "class_name": "android.widget.TextView"
      },
      {
        "text": "自",
        "content_desc": "",
        "labels": [
          "自"
        ],
        "bounds": [
          772,
          1516,
          825,
          1587
        ],
        "clickable": false,
        "enabled": true,
        "selected": false,
        "resource_id": "",
        "package": "com.ganji.android.haoche_c",
        "class_name": "android.widget.TextView"
      },
      {
        "text": "动",
        "content_desc": "",
        "labels": [
          "动"
        ],
        "bounds": [
          825,
          1516,
          878,
          1587
        ],
        "clickable": false,
        "enabled": true,
        "selected": false,
        "resource_id": "",
        "package": "com.ganji.android.haoche_c",
        "class_name": "android.widget.TextView"
      },
      {
        "text": "舒",
        "content_desc": "",
        "labels": [
          "舒"
        ],
        "bounds": [
          878,
          1516,
          931,
          1587
        ],
        "clickable": false,
        "enabled": true,
        "selected": false,
        "resource_id": "",
        "package": "com.ganji.android.haoche_c",
        "class_name": "android.widget.TextView"
      },
      {
        "text": "适",
        "content_desc": "",
        "labels": [
          "适"
        ],
        "bounds": [
          931,
          1516,
          984,
          1587
        ],
        "clickable": false,
        "enabled": true,
        "selected": false,
        "resource_id": "",
        "package": "com.ganji.android.haoche_c",
        "class_name": "android.widget.TextView"
      },
      {
        "text": "型",
        "content_desc": "",
        "labels": [
          "型"
        ],
        "bounds": [
          984,
          1516,
          1037,
          1587
        ],
        "clickable": false,
        "enabled": true,
        "selected": false,
        "resource_id": "",
        "package": "com.ganji.android.haoche_c",
        "class_name": "android.widget.TextView"
      },
      {
        "text": "智",
        "content_desc": "",
        "labels": [
          "智"
        ],
        "bounds": [
          1037,
          1516,
          1090,
          1587
        ],
        "clickable": false,
        "enabled": true,
        "selected": false,
        "resource_id": "",
        "package": "com.ganji.android.haoche_c",
        "class_name": "android.widget.TextView"
      },
      {
        "text": "行",
        "content_desc": "",
        "labels": [
          "行"
        ],
        "bounds": [
          1090,
          1516,
          1143,
          1587
        ],
        "clickable": false,
        "enabled": true,
        "selected": false,
        "resource_id": "",
        "package": "com.ganji.android.haoche_c",
        "class_name": "android.widget.TextView"
      },
      {
        "text": "版",
        "content_desc": "",
        "labels": [
          "版"
        ],
        "bounds": [
          47,
          1587,
          100,
          1658
        ],
        "clickable": false,
        "enabled": true,
        "selected": false,
        "resource_id": "",
        "package": "com.ganji.android.haoche_c",
        "class_name": "android.widget.TextView"
      },
      {
        "text": "",
        "content_desc": "",
        "labels": [],
        "bounds": [
          47,
          1675,
          763,
          1731
        ],
        "clickable": false,
        "enabled": true,
        "selected": false,
        "resource_id": "",
        "package": "com.ganji.android.haoche_c",
        "class_name": "android.widget.HorizontalScrollView"
      },
      {
        "text": "",
        "content_desc": "",
        "labels": [],
        "bounds": [
          47,
          1675,
          578,
          1728
        ],
        "clickable": false,
        "enabled": true,
        "selected": false,
        "resource_id": "",
        "package": "com.ganji.android.haoche_c",
        "class_name": "android.view.ViewGroup"
      },
      {
        "text": "",
        "content_desc": "",
        "labels": [],
        "bounds": [
          47,
          1675,
          203,
          1728
        ],
        "clickable": false,
        "enabled": true,
        "selected": false,
        "resource_id": "",
        "package": "com.ganji.android.haoche_c",
        "class_name": "android.view.ViewGroup"
      },
      {
        "text": "",
        "content_desc": "",
        "labels": [],
        "bounds": [
          47,
          1675,
          203,
          1727
        ],
        "clickable": false,
        "enabled": true,
        "selected": false,
        "resource_id": "",
        "package": "com.ganji.android.haoche_c",
        "class_name": "android.view.ViewGroup"
      },
      {
        "text": "",
        "content_desc": "",
        "labels": [],
        "bounds": [
          47,
          1675,
          203,
          1727
        ],
        "clickable": false,
        "enabled": true,
        "selected": false,
        "resource_id": "",
        "package": "com.ganji.android.haoche_c",
        "class_name": "android.view.ViewGroup"
      },
      {
        "text": "",
        "content_desc": "",
        "labels": [],
        "bounds": [
          47,
          1675,
          203,
          1727
        ],
        "clickable": false,
        "enabled": true,
        "selected": false,
        "resource_id": "",
        "package": "com.ganji.android.haoche_c",
        "class_name": "android.widget.ImageView"
      },
      {
        "text": "",
        "content_desc": "",
        "labels": [],
        "bounds": [
          215,
          1675,
          343,
          1728
        ],
        "clickable": false,
        "enabled": true,
        "selected": false,
        "resource_id": "",
        "package": "com.ganji.android.haoche_c",
        "class_name": "android.view.ViewGroup"
      },
      {
        "text": "",
        "content_desc": "",
        "labels": [],
        "bounds": [
          215,
          1675,
          343,
          1728
        ],
        "clickable": false,
        "enabled": true,
        "selected": false,
        "resource_id": "",
        "package": "com.ganji.android.haoche_c",
        "class_name": "android.view.ViewGroup"
      },
      {
        "text": "唐山",
        "content_desc": "",
        "labels": [
          "唐山"
        ],
        "bounds": [
          228,
          1677,
          300,
          1726
        ],
        "clickable": false,
        "enabled": true,
        "selected": false,
        "resource_id": "",
        "package": "com.ganji.android.haoche_c",
        "class_name": "android.widget.TextView"
      },
      {
        "text": "",
        "content_desc": "",
        "labels": [],
        "bounds": [
          306,
          1689,
          333,
          1715
        ],
        "clickable": false,
        "enabled": true,
        "selected": false,
        "resource_id": "image",
        "package": "com.ganji.android.haoche_c",
        "class_name": "android.widget.ImageView"
      },
      {
        "text": "",
        "content_desc": "",
        "labels": [],
        "bounds": [
          355,
          1675,
          555,
          1728
        ],
        "clickable": false,
        "enabled": true,
        "selected": false,
        "resource_id": "",
        "package": "com.ganji.android.haoche_c",
        "class_name": "android.view.ViewGroup"
      },
      {
        "text": "",
        "content_desc": "",
        "labels": [],
        "bounds": [
          355,
          1675,
          555,
          1728
        ],
        "clickable": false,
        "enabled": true,
        "selected": false,
        "resource_id": "",
        "package": "com.ganji.android.haoche_c",
        "class_name": "android.view.ViewGroup"
      },
      {
        "text": "检测报告",
        "content_desc": "",
        "labels": [
          "检测报告"
        ],
        "bounds": [
          368,
          1677,
          512,
          1726
        ],
        "clickable": false,
        "enabled": true,
        "selected": false,
        "resource_id": "",
        "package": "com.ganji.android.haoche_c",
        "class_name": "android.widget.TextView"
      },
      {
        "text": "",
        "content_desc": "",
        "labels": [],
        "bounds": [
          518,
          1689,
          544,
          1715
        ],
        "clickable": false,
        "enabled": true,
        "selected": false,
        "resource_id": "image",
        "package": "com.ganji.android.haoche_c",
        "class_name": "android.widget.ImageView"
      },
      {
        "text": "",
        "content_desc": "",
        "labels": [],
        "bounds": [
          792,
          1676,
          1172,
          1729
        ],
        "clickable": false,
        "enabled": true,
        "selected": false,
        "resource_id": "",
        "package": "com.ganji.android.haoche_c",
        "class_name": "android.view.ViewGroup"
      },
      {
        "text": "",
        "content_desc": "",
        "labels": [],
        "bounds": [
          792,
          1676,
          769,
          1729
        ],
        "clickable": false,
        "enabled": true,
        "selected": false,
        "resource_id": "",
        "package": "com.ganji.android.haoche_c",
        "class_name": "android.view.View"
      },
      {
        "text": "车源号:166460118",
        "content_desc": "",
        "labels": [
          "车源号:166460118"
        ],
        "bounds": [
          811,
          1678,
          1106,
          1727
        ],
        "clickable": false,
        "enabled": true,
        "selected": false,
        "resource_id": "",
        "package": "com.ganji.android.haoche_c",
        "class_name": "android.widget.TextView"
      },
      {
        "text": "",
        "content_desc": "",
        "labels": [],
        "bounds": [
          1118,
          1685,
          1154,
          1720
        ],
        "clickable": false,
        "enabled": true,
        "selected": false,
        "resource_id": "image",
        "package": "com.ganji.android.haoche_c",
        "class_name": "android.widget.ImageView"
      },
      {
        "text": "",
        "content_desc": "",
        "labels": [],
        "bounds": [
          47,
          1761,
          50,
          1764
        ],
        "clickable": false,
        "enabled": true,
        "selected": false,
        "resource_id": "",
        "package": "com.ganji.android.haoche_c",
        "class_name": "android.view.ViewGroup"
      },
      {
        "text": "",
        "content_desc": "",
        "labels": [],
        "bounds": [
          47,
          1764,
          1173,
          2351
        ],
        "clickable": false,
        "enabled": true,
        "selected": false,
        "resource_id": "",
        "package": "com.ganji.android.haoche_c",
        "class_name": "android.view.View"
      },
      {
        "text": "",
        "content_desc": "",
        "labels": [],
        "bounds": [
          47,
          1764,
          1173,
          1986
        ],
        "clickable": false,
        "enabled": true,
        "selected": false,
        "resource_id": "",
        "package": "com.ganji.android.haoche_c",
        "class_name": "android.view.ViewGroup"
      },
      {
        "text": "",
        "content_desc": "",
        "labels": [],
        "bounds": [
          82,
          1811,
          297,
          1948
        ],
        "clickable": false,
        "enabled": true,
        "selected": false,
        "resource_id": "",
        "package": "com.ganji.android.haoche_c",
        "class_name": "android.view.ViewGroup"
      },
      {
        "text": "",
        "content_desc": "",
        "labels": [],
        "bounds": [
          82,
          1811,
          297,
          1883
        ],
        "clickable": false,
        "enabled": true,
        "selected": false,
        "resource_id": "",
        "package": "com.ganji.android.haoche_c",
        "class_name": "android.view.ViewGroup"
      },
      {
        "text": "",
        "content_desc": "",
        "labels": [],
        "bounds": [
          82,
          1811,
          297,
          1883
        ],
        "clickable": false,
        "enabled": true,
        "selected": false,
        "resource_id": "",
        "package": "com.ganji.android.haoche_c",
        "class_name": "android.view.ViewGroup"
      },
      {
        "text": "",
        "content_desc": "",
        "labels": [],
        "bounds": [
          82,
          1811,
          297,
          1883
        ],
        "clickable": false,
        "enabled": true,
        "selected": false,
        "resource_id": "",
        "package": "com.ganji.android.haoche_c",
        "class_name": "android.widget.ImageView"
      },
      {
        "text": "",
        "content_desc": "",
        "labels": [],
        "bounds": [
          82,
          1894,
          297,
          1947
        ],
        "clickable": false,
        "enabled": true,
        "selected": false,
        "resource_id": "",
        "package": "com.ganji.android.haoche_c",
        "class_name": "android.view.ViewGroup"
      },
      {
        "text": "",
        "content_desc": "",
        "labels": [],
        "bounds": [
          82,
          1896,
          226,
          1945
        ],
        "clickable": false,
        "enabled": true,
        "selected": false,
        "resource_id": "",
        "package": "com.ganji.android.haoche_c",
        "class_name": "android.view.ViewGroup"
      },
      {
        "text": "定级标准",
        "content_desc": "",
        "labels": [
          "定级标准"
        ],
        "bounds": [
          82,
          1896,
          226,
          1945
        ],
        "clickable": false,
        "enabled": true,
        "selected": false,
        "resource_id": "",
        "package": "com.ganji.android.haoche_c",
        "class_name": "android.widget.TextView"
      },
      {
        "text": "",
        "content_desc": "",
        "labels": [],
        "bounds": [
          229,
          1903,
          264,
          1938
        ],
        "clickable": false,
        "enabled": true,
        "selected": false,
        "resource_id": "image",
        "package": "com.ganji.android.haoche_c",
        "class_name": "android.widget.ImageView"
      },
      {
        "text": "",
        "content_desc": "",
        "labels": [],
        "bounds": [
          344,
          1811,
          1173,
          1870
        ],
        "clickable": false,
        "enabled": true,
        "selected": false,
        "resource_id": "",
        "package": "com.ganji.android.haoche_c",
        "class_name": "android.view.ViewGroup"
      },
      {
        "text": "",
        "content_desc": "",
        "labels": [],
        "bounds": [
          344,
          1811,
          520,
          1870
        ],
        "clickable": false,
        "enabled": true,
        "selected": false,
        "resource_id": "",
        "package": "com.ganji.android.haoche_c",
        "class_name": "android.view.ViewGroup"
      },
      {
        "text": "成色",
        "content_desc": "",
        "labels": [
          "成色"
        ],
        "bounds": [
          344,
          1811,
          428,
          1870
        ],
        "clickable": false,
        "enabled": true,
        "selected": false,
        "resource_id": "",
        "package": "com.ganji.android.haoche_c",
        "class_name": "android.widget.TextView"
      },
      {
        "text": "8",
        "content_desc": "",
        "labels": [
          "8"
        ],
        "bounds": [
          428,
          1811,
          496,
          1870
        ],
        "clickable": false,
        "enabled": true,
        "selected": false,
        "resource_id": "",
        "package": "com.ganji.android.haoche_c",
        "class_name": "android.widget.TextView"
      },
      {
        "text": "7.81万公里",
        "content_desc": "",
        "labels": [
          "7.81万公里"
        ],
        "bounds": [
          520,
          1812,
          716,
          1868
        ],
        "clickable": false,
        "enabled": true,
        "selected": false,
        "resource_id": "",
        "package": "com.ganji.android.haoche_c",
        "class_name": "android.widget.TextView"
      },
      {
        "text": "/",
        "content_desc": "",
        "labels": [
          "/"
        ],
        "bounds": [
          728,
          1816,
          742,
          1865
        ],
        "clickable": false,
        "enabled": true,
        "selected": false,
        "resource_id": "",
        "package": "com.ganji.android.haoche_c",
        "class_name": "android.widget.TextView"
      },
      {
        "text": "8年10个月",
        "content_desc": "",
        "labels": [
          "8年10个月"
        ],
        "bounds": [
          754,
          1812,
          950,
          1868
        ],
        "clickable": false,
        "enabled": true,
        "selected": false,
        "resource_id": "",
        "package": "com.ganji.android.haoche_c",
        "class_name": "android.widget.TextView"
      },
      {
        "text": "",
        "content_desc": "",
        "labels": [],
        "bounds": [
          344,
          1882,
          520,
          1941
        ],
        "clickable": false,
        "enabled": true,
        "selected": false,
        "resource_id": "",
        "package": "com.ganji.android.haoche_c",
        "class_name": "android.view.ViewGroup"
      },
      {
        "text": "车况",
        "content_desc": "",
        "labels": [
          "车况"
        ],
        "bounds": [
          344,
          1882,
          428,
          1941
        ],
        "clickable": false,
        "enabled": true,
        "selected": false,
        "resource_id": "",
        "package": "com.ganji.android.haoche_c",
        "class_name": "android.widget.TextView"
      },
      {
        "text": "",
        "content_desc": "",
        "labels": [],
        "bounds": [
          428,
          1882,
          496,
          1941
        ],
        "clickable": false,
        "enabled": true,
        "selected": false,
        "resource_id": "",
        "package": "com.ganji.android.haoche_c",
        "class_name": "android.view.ViewGroup"
      },
      {
        "text": "B",
        "content_desc": "",
        "labels": [
          "B"
        ],
        "bounds": [
          428,
          1882,
          496,
          1941
        ],
        "clickable": false,
        "enabled": true,
        "selected": false,
        "resource_id": "",
        "package": "com.ganji.android.haoche_c",
        "class_name": "android.widget.TextView"
      },
      {
        "text": "",
        "content_desc": "",
        "labels": [],
        "bounds": [
          520,
          1883,
          1173,
          1939
        ],
        "clickable": false,
        "enabled": true,
        "selected": false,
        "resource_id": "",
        "package": "com.ganji.android.haoche_c",
        "class_name": "android.widget.HorizontalScrollView"
      },
      {
        "text": "",
        "content_desc": "",
        "labels": [],
        "bounds": [
          520,
          1883,
          1148,
          1939
        ],
        "clickable": false,
        "enabled": true,
        "selected": false,
        "resource_id": "",
        "package": "com.ganji.android.haoche_c",
        "class_name": "android.view.ViewGroup"
      },
      {
        "text": "基础车况良好",
        "content_desc": "",
        "labels": [
          "基础车况良好"
        ],
        "bounds": [
          520,
          1883,
          772,
          1939
        ],
        "clickable": false,
        "enabled": true,
        "selected": false,
        "resource_id": "",
        "package": "com.ganji.android.haoche_c",
        "class_name": "android.widget.TextView"
      },
      {
        "text": "/",
        "content_desc": "",
        "labels": [
          "/"
        ],
        "bounds": [
          784,
          1887,
          798,
          1936
        ],
        "clickable": false,
        "enabled": true,
        "selected": false,
        "resource_id": "",
        "package": "com.ganji.android.haoche_c",
        "class_name": "android.widget.TextView"
      },
      {
        "text": "理赔3次",
        "content_desc": "",
        "labels": [
          "理赔3次"
        ],
        "bounds": [
          810,
          1883,
          961,
          1939
        ],
        "clickable": false,
        "enabled": true,
        "selected": false,
        "resource_id": "",
        "package": "com.ganji.android.haoche_c",
        "class_name": "android.widget.TextView"
      },
      {
        "text": "/",
        "content_desc": "",
        "labels": [
          "/"
        ],
        "bounds": [
          972,
          1887,
          986,
          1936
        ],
        "clickable": false,
        "enabled": true,
        "selected": false,
        "resource_id": "",
        "package": "com.ganji.android.haoche_c",
        "class_name": "android.widget.TextView"
      },
      {
        "text": "过户2次",
        "content_desc": "",
        "labels": [
          "过户2次"
        ],
        "bounds": [
          998,
          1883,
          1148,
          1939
        ],
        "clickable": false,
        "enabled": true,
        "selected": false,
        "resource_id": "",
        "package": "com.ganji.android.haoche_c",
        "class_name": "android.widget.TextView"
      },
      {
        "text": "",
        "content_desc": "",
        "labels": [],
        "bounds": [
          82,
          1983,
          1173,
          1986
        ],
        "clickable": false,
        "enabled": true,
        "selected": false,
        "resource_id": "",
        "package": "com.ganji.android.haoche_c",
        "class_name": "android.view.ViewGroup"
      },
      {
        "text": "",
        "content_desc": "",
        "labels": [],
        "bounds": [
          82,
          1983,
          1173,
          1986
        ],
        "clickable": false,
        "enabled": true,
        "selected": false,
        "resource_id": "",
        "package": "com.ganji.android.haoche_c",
        "class_name": "com.horcrux.svg.SvgView"
      },
      {
        "text": "",
        "content_desc": "",
        "labels": [],
        "bounds": [
          47,
          1995,
          1173,
          2146
        ],
        "clickable": false,
        "enabled": true,
        "selected": false,
        "resource_id": "",
        "package": "com.ganji.android.haoche_c",
        "class_name": "android.view.ViewGroup"
      },
      {
        "text": "",
        "content_desc": "",
        "labels": [],
        "bounds": [
          82,
          2030,
          1143,
          2145
        ],
        "clickable": false,
        "enabled": true,
        "selected": false,
        "resource_id": "",
        "package": "com.ganji.android.haoche_c",
        "class_name": "android.widget.HorizontalScrollView"
      },
      {
        "text": "",
        "content_desc": "",
        "labels": [],
        "bounds": [
          82,
          2030,
          1143,
          2145
        ],
        "clickable": false,
        "enabled": true,
        "selected": false,
        "resource_id": "",
        "package": "com.ganji.android.haoche_c",
        "class_name": "android.view.ViewGroup"
      },
      {
        "text": "",
        "content_desc": "",
        "labels": [],
        "bounds": [
          82,
          2030,
          1143,
          2145
        ],
        "clickable": false,
        "enabled": true,
        "selected": false,
        "resource_id": "",
        "package": "com.ganji.android.haoche_c",
        "class_name": "android.view.ViewGroup"
      },
      {
        "text": "",
        "content_desc": "",
        "labels": [],
        "bounds": [
          82,
          2030,
          348,
          2145
        ],
        "clickable": false,
        "enabled": true,
        "selected": false,
        "resource_id": "",
        "package": "com.ganji.android.haoche_c",
        "class_name": "android.view.ViewGroup"
      },
      {
        "text": "1.6L",
        "content_desc": "",
        "labels": [
          "1.6L"
        ],
        "bounds": [
          82,
          2030,
          159,
          2089
        ],
        "clickable": false,
        "enabled": true,
        "selected": false,
        "resource_id": "",
        "package": "com.ganji.android.haoche_c",
        "class_name": "android.widget.TextView"
      },
      {
        "text": "",
        "content_desc": "",
        "labels": [],
        "bounds": [
          82,
          2095,
          312,
          2145
        ],
        "clickable": false,
        "enabled": true,
        "selected": false,
        "resource_id": "",
        "package": "com.ganji.android.haoche_c",
        "class_name": "android.view.ViewGroup"
      },
      {
        "text": "发动机",
        "content_desc": "",
        "labels": [
          "发动机"
        ],
        "bounds": [
          82,
          2095,
          190,
          2145
        ],
        "clickable": false,
        "enabled": true,
        "selected": false,
        "resource_id": "",
        "package": "com.ganji.android.haoche_c",
        "class_name": "android.widget.TextView"
      },
      {
        "text": "",
        "content_desc": "",
        "labels": [],
        "bounds": [
          347,
          2030,
          612,
          2145
        ],
        "clickable": false,
        "enabled": true,
        "selected": false,
        "resource_id": "",
        "package": "com.ganji.android.haoche_c",
        "class_name": "android.view.ViewGroup"
      },
      {
        "text": "自动",
        "content_desc": "",
        "labels": [
          "自动"
        ],
        "bounds": [
          347,
          2030,
          431,
          2089
        ],
        "clickable": false,
        "enabled": true,
        "selected": false,
        "resource_id": "",
        "package": "com.ganji.android.haoche_c",
        "class_name": "android.widget.TextView"
      },
      {
        "text": "",
        "content_desc": "",
        "labels": [],
        "bounds": [
          347,
          2095,
          577,
          2145
        ],
        "clickable": false,
        "enabled": true,
        "selected": false,
        "resource_id": "",
        "package": "com.ganji.android.haoche_c",
        "class_name": "android.view.ViewGroup"
      },
      {
        "text": "变速箱",
        "content_desc": "",
        "labels": [
          "变速箱"
        ],
        "bounds": [
          347,
          2095,
          455,
          2145
        ],
        "clickable": false,
        "enabled": true,
        "selected": false,
        "resource_id": "",
        "package": "com.ganji.android.haoche_c",
        "class_name": "android.widget.TextView"
      },
      {
        "text": "",
        "content_desc": "",
        "labels": [],
        "bounds": [
          613,
          2030,
          878,
          2145
        ],
        "clickable": false,
        "enabled": true,
        "selected": false,
        "resource_id": "",
        "package": "com.ganji.android.haoche_c",
        "class_name": "android.view.ViewGroup"
      },
      {
        "text": "国五",
        "content_desc": "",
        "labels": [
          "国五"
        ],
        "bounds": [
          613,
          2030,
          697,
          2089
        ],
        "clickable": false,
        "enabled": true,
        "selected": false,
        "resource_id": "",
        "package": "com.ganji.android.haoche_c",
        "class_name": "android.widget.TextView"
      },
      {
        "text": "",
        "content_desc": "",
        "labels": [],
        "bounds": [
          613,
          2095,
          843,
          2145
        ],
        "clickable": false,
        "enabled": true,
        "selected": false,
        "resource_id": "",
        "package": "com.ganji.android.haoche_c",
        "class_name": "android.view.ViewGroup"
      },
      {
        "text": "排放标准",
        "content_desc": "",
        "labels": [
          "排放标准"
        ],
        "bounds": [
          613,
          2095,
          757,
          2145
        ],
        "clickable": false,
        "enabled": true,
        "selected": false,
        "resource_id": "",
        "package": "com.ganji.android.haoche_c",
        "class_name": "android.widget.TextView"
      },
      {
        "text": "",
        "content_desc": "",
        "labels": [],
        "bounds": [
          763,
          2104,
          795,
          2136
        ],
        "clickable": false,
        "enabled": true,
        "selected": false,
        "resource_id": "image",
        "package": "com.ganji.android.haoche_c",
        "class_name": "android.widget.ImageView"
      },
      {
        "text": "",
        "content_desc": "",
        "labels": [],
        "bounds": [
          878,
          2030,
          1143,
          2145
        ],
        "clickable": false,
        "enabled": true,
        "selected": false,
        "resource_id": "",
        "package": "com.ganji.android.haoche_c",
        "class_name": "android.view.ViewGroup"
      },
      {
        "text": "前置前驱",
        "content_desc": "",
        "labels": [
          "前置前驱"
        ],
        "bounds": [
          878,
          2030,
          1046,
          2089
        ],
        "clickable": false,
        "enabled": true,
        "selected": false,
        "resource_id": "",
        "package": "com.ganji.android.haoche_c",
        "class_name": "android.widget.TextView"
      },
      {
        "text": "",
        "content_desc": "",
        "labels": [],
        "bounds": [
          878,
          2095,
          1108,
          2145
        ],
        "clickable": false,
        "enabled": true,
        "selected": false,
        "resource_id": "",
        "package": "com.ganji.android.haoche_c",
        "class_name": "android.view.ViewGroup"
      },
      {
        "text": "驱动方式",
        "content_desc": "",
        "labels": [
          "驱动方式"
        ],
        "bounds": [
          878,
          2095,
          1022,
          2145
        ],
        "clickable": false,
        "enabled": true,
        "selected": false,
        "resource_id": "",
        "package": "com.ganji.android.haoche_c",
        "class_name": "android.widget.TextView"
      },
      {
        "text": "",
        "content_desc": "",
        "labels": [],
        "bounds": [
          1143,
          2074,
          1173,
          2103
        ],
        "clickable": false,
        "enabled": true,
        "selected": false,
        "resource_id": "image",
        "package": "com.ganji.android.haoche_c",
        "class_name": "android.widget.ImageView"
      },
      {
        "text": "",
        "content_desc": "",
        "labels": [],
        "bounds": [
          47,
          2146,
          1173,
          2298
        ],
        "clickable": false,
        "enabled": true,
        "selected": false,
        "resource_id": "",
        "package": "com.ganji.android.haoche_c",
        "class_name": "android.view.ViewGroup"
      },
      {
        "text": "",
        "content_desc": "",
        "labels": [],
        "bounds": [
          82,
          2181,
          1143,
          2297
        ],
        "clickable": false,
        "enabled": true,
        "selected": false,
        "resource_id": "",
        "package": "com.ganji.android.haoche_c",
        "class_name": "android.widget.HorizontalScrollView"
      },
      {
        "text": "",
        "content_desc": "",
        "labels": [],
        "bounds": [
          82,
          2181,
          613,
          2297
        ],
        "clickable": false,
        "enabled": true,
        "selected": false,
        "resource_id": "",
        "package": "com.ganji.android.haoche_c",
        "class_name": "android.view.ViewGroup"
      },
      {
        "text": "",
        "content_desc": "",
        "labels": [],
        "bounds": [
          82,
          2181,
          613,
          2297
        ],
        "clickable": false,
        "enabled": true,
        "selected": false,
        "resource_id": "",
        "package": "com.ganji.android.haoche_c",
        "class_name": "android.view.ViewGroup"
      },
      {
        "text": "",
        "content_desc": "",
        "labels": [],
        "bounds": [
          82,
          2181,
          348,
          2297
        ],
        "clickable": false,
        "enabled": true,
        "selected": false,
        "resource_id": "",
        "package": "com.ganji.android.haoche_c",
        "class_name": "android.view.ViewGroup"
      },
      {
        "text": "3项",
        "content_desc": "",
        "labels": [
          "3项"
        ],
        "bounds": [
          82,
          2181,
          149,
          2240
        ],
        "clickable": false,
        "enabled": true,
        "selected": false,
        "resource_id": "",
        "package": "com.ganji.android.haoche_c",
        "class_name": "android.widget.TextView"
      },
      {
        "text": "",
        "content_desc": "",
        "labels": [],
        "bounds": [
          155,
          2199,
          170,
          2223
        ],
        "clickable": false,
        "enabled": true,
        "selected": false,
        "resource_id": "",
        "package": "com.ganji.android.haoche_c",
        "class_name": "android.view.ViewGroup"
      },
      {
        "text": "",
        "content_desc": "",
        "labels": [],
        "bounds": [
          82,
          2246,
          312,
          2297
        ],
        "clickable": false,
        "enabled": true,
        "selected": false,
        "resource_id": "",
        "package": "com.ganji.android.haoche_c",
        "class_name": "android.view.ViewGroup"
      },
      {
        "text": "亮点配置",
        "content_desc": "",
        "labels": [
          "亮点配置"
        ],
        "bounds": [
          82,
          2246,
          226,
          2297
        ],
        "clickable": false,
        "enabled": true,
        "selected": false,
        "resource_id": "",
        "package": "com.ganji.android.haoche_c",
        "class_name": "android.widget.TextView"
      },
      {
        "text": "",
        "content_desc": "",
        "labels": [],
        "bounds": [
          347,
          2181,
          612,
          2297
        ],
        "clickable": false,
        "enabled": true,
        "selected": false,
        "resource_id": "",
        "package": "com.ganji.android.haoche_c",
        "class_name": "android.view.ViewGroup"
      },
      {
        "text": "10项",
        "content_desc": "",
        "labels": [
          "10项"
        ],
        "bounds": [
          347,
          2181,
          433,
          2240
        ],
        "clickable": false,
        "enabled": true,
        "selected": false,
        "resource_id": "",
        "package": "com.ganji.android.haoche_c",
        "class_name": "android.widget.TextView"
      },
      {
        "text": "",
        "content_desc": "",
        "labels": [],
        "bounds": [
          439,
          2199,
          453,
          2223
        ],
        "clickable": false,
        "enabled": true,
        "selected": false,
        "resource_id": "",
        "package": "com.ganji.android.haoche_c",
        "class_name": "android.view.ViewGroup"
      },
      {
        "text": "",
        "content_desc": "",
        "labels": [],
        "bounds": [
          347,
          2246,
          577,
          2297
        ],
        "clickable": false,
        "enabled": true,
        "selected": false,
        "resource_id": "",
        "package": "com.ganji.android.haoche_c",
        "class_name": "android.view.ViewGroup"
      },
      {
        "text": "安全配置",
        "content_desc": "",
        "labels": [
          "安全配置"
        ],
        "bounds": [
          347,
          2246,
          491,
          2297
        ],
        "clickable": false,
        "enabled": true,
        "selected": false,
        "resource_id": "",
        "package": "com.ganji.android.haoche_c",
        "class_name": "android.widget.TextView"
      },
      {
        "text": "",
        "content_desc": "",
        "labels": [],
        "bounds": [
          1143,
          2225,
          1173,
          2254
        ],
        "clickable": false,
        "enabled": true,
        "selected": false,
        "resource_id": "image",
        "package": "com.ganji.android.haoche_c",
        "class_name": "android.widget.ImageView"
      },
      {
        "text": "",
        "content_desc": "",
        "labels": [],
        "bounds": [
          26,
          2415,
          1194,
          2559
        ],
        "clickable": false,
        "enabled": true,
        "selected": false,
        "resource_id": "",
        "package": "com.ganji.android.haoche_c",
        "class_name": "android.view.ViewGroup"
      },
      {
        "text": "",
        "content_desc": "",
        "labels": [],
        "bounds": [
          26,
          2415,
          1194,
          2559
        ],
        "clickable": false,
        "enabled": true,
        "selected": false,
        "resource_id": "",
        "package": "com.ganji.android.haoche_c",
        "class_name": "android.view.View"
      },
      {
        "text": "",
        "content_desc": "",
        "labels": [],
        "bounds": [
          65,
          2461,
          472,
          2506
        ],
        "clickable": false,
        "enabled": true,
        "selected": false,
        "resource_id": "image",
        "package": "com.ganji.android.haoche_c",
        "class_name": "android.widget.ImageView"
      },
      {
        "text": "",
        "content_desc": "",
        "labels": [],
        "bounds": [
          934,
          2456,
          1194,
          2559
        ],
        "clickable": false,
        "enabled": true,
        "selected": false,
        "resource_id": "image",
        "package": "com.ganji.android.haoche_c",
        "class_name": "android.widget.ImageView"
      },
      {
        "text": "",
        "content_desc": "",
        "labels": [],
        "bounds": [
          0,
          0,
          1220,
          253
        ],
        "clickable": false,
        "enabled": true,
        "selected": false,
        "resource_id": "",
        "package": "com.ganji.android.haoche_c",
        "class_name": "android.view.ViewGroup"
      },
      {
        "text": "",
        "content_desc": "",
        "labels": [],
        "bounds": [
          39,
          138,
          127,
          225
        ],
        "clickable": false,
        "enabled": true,
        "selected": false,
        "resource_id": "image",
        "package": "com.ganji.android.haoche_c",
        "class_name": "android.widget.ImageView"
      },
      {
        "text": "",
        "content_desc": "",
        "labels": [],
        "bounds": [
          853,
          138,
          941,
          225
        ],
        "clickable": false,
        "enabled": true,
        "selected": false,
        "resource_id": "",
        "package": "com.ganji.android.haoche_c",
        "class_name": "android.view.ViewGroup"
      },
      {
        "text": "",
        "content_desc": "",
        "labels": [],
        "bounds": [
          853,
          138,
          941,
          225
        ],
        "clickable": false,
        "enabled": true,
        "selected": false,
        "resource_id": "image",
        "package": "com.ganji.android.haoche_c",
        "class_name": "android.widget.ImageView"
      },
      {
        "text": "",
        "content_desc": "",
        "labels": [],
        "bounds": [
          973,
          138,
          1061,
          225
        ],
        "clickable": false,
        "enabled": true,
        "selected": false,
        "resource_id": "",
        "package": "com.ganji.android.haoche_c",
        "class_name": "android.view.ViewGroup"
      },
      {
        "text": "",
        "content_desc": "",
        "labels": [],
        "bounds": [
          983,
          148,
          1051,
          217
        ],
        "clickable": false,
        "enabled": true,
        "selected": false,
        "resource_id": "image",
        "package": "com.ganji.android.haoche_c",
        "class_name": "android.widget.ImageView"
      },
      {
        "text": "",
        "content_desc": "",
        "labels": [],
        "bounds": [
          1093,
          138,
          1181,
          225
        ],
        "clickable": false,
        "enabled": true,
        "selected": false,
        "resource_id": "",
        "package": "com.ganji.android.haoche_c",
        "class_name": "android.view.ViewGroup"
      },
      {
        "text": "",
        "content_desc": "",
        "labels": [],
        "bounds": [
          1093,
          138,
          1181,
          225
        ],
        "clickable": false,
        "enabled": true,
        "selected": false,
        "resource_id": "image",
        "package": "com.ganji.android.haoche_c",
        "class_name": "android.widget.ImageView"
      },
      {
        "text": "",
        "content_desc": "",
        "labels": [],
        "bounds": [
          959,
          464,
          1220,
          723
        ],
        "clickable": false,
        "enabled": true,
        "selected": false,
        "resource_id": "",
        "package": "com.ganji.android.haoche_c",
        "class_name": "android.view.ViewGroup"
      },
      {
        "text": "",
        "content_desc": "",
        "labels": [],
        "bounds": [
          959,
          464,
          1220,
          723
        ],
        "clickable": false,
        "enabled": true,
        "selected": false,
        "resource_id": "",
        "package": "com.ganji.android.haoche_c",
        "class_name": "android.view.ViewGroup"
      },
      {
        "text": "",
        "content_desc": "",
        "labels": [],
        "bounds": [
          959,
          464,
          1220,
          723
        ],
        "clickable": false,
        "enabled": true,
        "selected": false,
        "resource_id": "",
        "package": "com.ganji.android.haoche_c",
        "class_name": "android.view.ViewGroup"
      },
      {
        "text": "",
        "content_desc": "",
        "labels": [],
        "bounds": [
          959,
          464,
          1220,
          560
        ],
        "clickable": false,
        "enabled": true,
        "selected": false,
        "resource_id": "",
        "package": "com.ganji.android.haoche_c",
        "class_name": "android.view.ViewGroup"
      },
      {
        "text": "",
        "content_desc": "",
        "labels": [],
        "bounds": [
          988,
          464,
          1191,
          560
        ],
        "clickable": false,
        "enabled": true,
        "selected": false,
        "resource_id": "",
        "package": "com.ganji.android.haoche_c",
        "class_name": "android.view.ViewGroup"
      },
      {
        "text": "",
        "content_desc": "",
        "labels": [],
        "bounds": [
          988,
          489,
          1034,
          535
        ],
        "clickable": false,
        "enabled": true,
        "selected": false,
        "resource_id": "image",
        "package": "com.ganji.android.haoche_c",
        "class_name": "android.widget.ImageView"
      },
      {
        "text": "视频讲解",
        "content_desc": "",
        "labels": [
          "视频讲解"
        ],
        "bounds": [
          1047,
          487,
          1191,
          536
        ],
        "clickable": false,
        "enabled": true,
        "selected": false,
        "resource_id": "",
        "package": "com.ganji.android.haoche_c",
        "class_name": "android.widget.TextView"
      },
      {
        "text": "顾问在线",
        "content_desc": "",
        "labels": [
          "顾问在线"
        ],
        "bounds": [
          1018,
          580,
          1162,
          629
        ],
        "clickable": false,
        "enabled": true,
        "selected": false,
        "resource_id": "",
        "package": "com.ganji.android.haoche_c",
        "class_name": "android.widget.TextView"
      },
      {
        "text": "",
        "content_desc": "",
        "labels": [],
        "bounds": [
          989,
          629,
          1190,
          711
        ],
        "clickable": false,
        "enabled": true,
        "selected": false,
        "resource_id": "",
        "package": "com.ganji.android.haoche_c",
        "class_name": "android.view.ViewGroup"
      },
      {
        "text": "",
        "content_desc": "",
        "labels": [],
        "bounds": [
          989,
          649,
          1190,
          711
        ],
        "clickable": false,
        "enabled": true,
        "selected": false,
        "resource_id": "",
        "package": "com.ganji.android.haoche_c",
        "class_name": "android.view.View"
      },
      {
        "text": "现在看",
        "content_desc": "",
        "labels": [
          "现在看"
        ],
        "bounds": [
          989,
          649,
          1190,
          711
        ],
        "clickable": false,
        "enabled": true,
        "selected": false,
        "resource_id": "",
        "package": "com.ganji.android.haoche_c",
        "class_name": "android.widget.TextView"
      },
      {
        "text": "",
        "content_desc": "",
        "labels": [],
        "bounds": [
          0,
          2344,
          1220,
          2559
        ],
        "clickable": false,
        "enabled": true,
        "selected": false,
        "resource_id": "",
        "package": "com.ganji.android.haoche_c",
        "class_name": "android.view.ViewGroup"
      },
      {
        "text": "",
        "content_desc": "",
        "labels": [],
        "bounds": [
          0,
          2344,
          1220,
          2559
        ],
        "clickable": false,
        "enabled": true,
        "selected": false,
        "resource_id": "",
        "package": "com.ganji.android.haoche_c",
        "class_name": "android.view.ViewGroup"
      },
      {
        "text": "",
        "content_desc": "",
        "labels": [],
        "bounds": [
          44,
          2380,
          132,
          2523
        ],
        "clickable": false,
        "enabled": true,
        "selected": false,
        "resource_id": "",
        "package": "com.ganji.android.haoche_c",
        "class_name": "android.view.ViewGroup"
      },
      {
        "text": "",
        "content_desc": "",
        "labels": [],
        "bounds": [
          44,
          2382,
          132,
          2471
        ],
        "clickable": false,
        "enabled": true,
        "selected": false,
        "resource_id": "image",
        "package": "com.ganji.android.haoche_c",
        "class_name": "android.widget.ImageView"
      },
      {
        "text": "电话",
        "content_desc": "",
        "labels": [
          "电话"
        ],
        "bounds": [
          44,
          2468,
          132,
          2513
        ],
        "clickable": false,
        "enabled": true,
        "selected": false,
        "resource_id": "",
        "package": "com.ganji.android.haoche_c",
        "class_name": "android.widget.TextView"
      },
      {
        "text": "",
        "content_desc": "",
        "labels": [],
        "bounds": [
          177,
          2380,
          265,
          2523
        ],
        "clickable": false,
        "enabled": true,
        "selected": false,
        "resource_id": "",
        "package": "com.ganji.android.haoche_c",
        "class_name": "android.view.ViewGroup"
      },
      {
        "text": "",
        "content_desc": "",
        "labels": [],
        "bounds": [
          177,
          2382,
          265,
          2471
        ],
        "clickable": false,
        "enabled": true,
        "selected": false,
        "resource_id": "",
        "package": "com.ganji.android.haoche_c",
        "class_name": "android.view.ViewGroup"
      },
      {
        "text": "",
        "content_desc": "",
        "labels": [],
        "bounds": [
          177,
          2382,
          265,
          2471
        ],
        "clickable": false,
        "enabled": true,
        "selected": false,
        "resource_id": "image",
        "package": "com.ganji.android.haoche_c",
        "class_name": "android.widget.ImageView"
      },
      {
        "text": "收藏",
        "content_desc": "",
        "labels": [
          "收藏"
        ],
        "bounds": [
          177,
          2468,
          265,
          2513
        ],
        "clickable": false,
        "enabled": true,
        "selected": false,
        "resource_id": "",
        "package": "com.ganji.android.haoche_c",
        "class_name": "android.widget.TextView"
      },
      {
        "text": "",
        "content_desc": "",
        "labels": [],
        "bounds": [
          353,
          2373,
          623,
          2529
        ],
        "clickable": false,
        "enabled": true,
        "selected": false,
        "resource_id": "",
        "package": "com.ganji.android.haoche_c",
        "class_name": "android.view.ViewGroup"
      },
      {
        "text": "咨询车况",
        "content_desc": "",
        "labels": [
          "咨询车况"
        ],
        "bounds": [
          353,
          2423,
          623,
          2479
        ],
        "clickable": false,
        "enabled": true,
        "selected": false,
        "resource_id": "",
        "package": "com.ganji.android.haoche_c",
        "class_name": "android.widget.TextView"
      },
      {
        "text": "",
        "content_desc": "",
        "labels": [],
        "bounds": [
          652,
          2373,
          900,
          2529
        ],
        "clickable": false,
        "enabled": true,
        "selected": false,
        "resource_id": "",
        "package": "com.ganji.android.haoche_c",
        "class_name": "android.view.ViewGroup"
      },
      {
        "text": "讲价",
        "content_desc": "",
        "labels": [
          "讲价"
        ],
        "bounds": [
          652,
          2399,
          900,
          2455
        ],
        "clickable": false,
        "enabled": true,
        "selected": false,
        "resource_id": "",
        "package": "com.ganji.android.haoche_c",
        "class_name": "android.widget.TextView"
      },
      {
        "text": "已有2人",
        "content_desc": "",
        "labels": [
          "已有2人"
        ],
        "bounds": [
          652,
          2455,
          900,
          2503
        ],
        "clickable": false,
        "enabled": true,
        "selected": false,
        "resource_id": "",
        "package": "com.ganji.android.haoche_c",
        "class_name": "android.widget.TextView"
      },
      {
        "text": "",
        "content_desc": "",
        "labels": [],
        "bounds": [
          906,
          2373,
          1176,
          2529
        ],
        "clickable": false,
        "enabled": true,
        "selected": false,
        "resource_id": "",
        "package": "com.ganji.android.haoche_c",
        "class_name": "android.view.ViewGroup"
      },
      {
        "text": "查看报价",
        "content_desc": "",
        "labels": [
          "查看报价"
        ],
        "bounds": [
          906,
          2423,
          1176,
          2479
        ],
        "clickable": false,
        "enabled": true,
        "selected": false,
        "resource_id": "",
        "package": "com.ganji.android.haoche_c",
        "class_name": "android.widget.TextView"
      },
      {
        "text": "",
        "content_desc": "",
        "labels": [],
        "bounds": [
          0,
          2559,
          1220,
          2712
        ],
        "clickable": false,
        "enabled": true,
        "selected": false,
        "resource_id": "android:id/navigationBarBackground",
        "package": "com.ganji.android.haoche_c",
        "class_name": "android.view.View"
      }
    ],
    "recognized_page": "S10",
    "visible_text_digest": [
      "图片",
      "亮点",
      "检测",
      "1 / 23",
      "低价车",
      "8新·B",
      "2.52万",
      "2.55万",
      "2.75万",
      "2.52",
      "万",
      "新车含税价13.80万",
      "共优惠",
      "4100元",
      "订金2000元锁定补贴 现场试驾优先提车",
      "活动规则",
      "1成首付0.25万起，月供206元起",
      "更多方案",
      "福",
      "特",
      "克",
      "斯",
      "2",
      "0",
      "1",
      "7",
      "款",
      "两",
      "厢",
      ".",
      "6",
      "L",
      "自",
      "动",
      "舒",
      "适",
      "型",
      "智",
      "行",
      "版"
    ]
  },
  "valid": null,
  "invalid_reason": null,
  "current_reference": {
    "reference_index": 1,
    "reference_key": "1:福特 福克斯 2017款 两厢 1.6L 自动舒适型智行版:2017年 | 7.81万公里 | 唐山:2.52万",
    "list_title": "福特 福克斯 2017款 两厢 1.6L 自动舒适型智行版",
    "list_price_text": "2.52万",
    "list_price_10k": 2.52,
    "list_year": 2017,
    "list_mileage_10k_km": 7.81,
    "clicked_card_bounds": [
      429,
      997,
      1196,
      1121
    ],
    "clicked_card_text_digest": [
      "ignore-error,i_1",
      "福特 福克斯 2017款 两厢 1.6L 自动舒适型智行版",
      "2017年 | 7.81万公里 | 唐山",
      "第1名",
      "qnbdp1066x4044847e03f444c996257e1f3f62b4351729221436",
      "2.52",
      "万",
      "已减4100元",
      "首付0.25万"
    ],
    "s10_screenshot_path": "C:\\Users\\lzc93\\Desktop\\定价\\guazi_app_data_system\\artifacts\\screenshots\\s10_s16_start_20260507_175734.png",
    "s10_xml_path": "C:\\Users\\lzc93\\Desktop\\定价\\guazi_app_data_system\\artifacts\\debug\\s10_s16_start_20260507_175734.xml",
    "click_strategy": "text_node_bounds",
    "clicked_text": "福特 福克斯 2017款 两厢 1.6L 自动舒适型智行版",
    "clicked_node_bounds": [
      429,
      997,
      1196,
      1121
    ],
    "clicked_point": [
      812,
      1059
    ],
    "title_candidate_count": 5,
    "matched_candidate_count": 1,
    "s10_to_s11_wait": {
      "entered_s11": false,
      "wait_rounds": [
        {
          "wait_round_index": 1,
          "screenshot_path": "C:\\Users\\lzc93\\Desktop\\定价\\guazi_app_data_system\\artifacts\\screenshots\\s10_to_s11_pre_dump_3_20260507_175740.png",
          "xml_path": "C:\\Users\\lzc93\\Desktop\\定价\\guazi_app_data_system\\artifacts\\debug\\s10_to_s11_20260507_175741_full_fallback.xml",
          "screenshot_ms": 749,
          "xml_dump_ms": 10987,
          "s10_to_s11_xml_dump_mode": "compressed_then_full",
          "compressed_xml_dump_ms": 7747,
          "full_xml_dump_ms": 3240,
          "compressed_xml_dump_command": "uiautomator dump --compressed",
          "full_xml_dump_command": "uiautomator dump",
          "compressed_xml_dump_rc": 0,
          "full_xml_dump_rc": 0,
          "compressed_xml_path": "C:\\Users\\lzc93\\Desktop\\定价\\guazi_app_data_system\\artifacts\\debug\\s10_to_s11_20260507_175741_compressed.xml",
          "full_xml_path": "C:\\Users\\lzc93\\Desktop\\定价\\guazi_app_data_system\\artifacts\\debug\\s10_to_s11_20260507_175741_full_fallback.xml",
          "compressed_xml_size": 32802,
          "full_xml_size": 85463,
          "compressed_node_count": 96,
          "full_node_count": 252,
          "compressed_recognized_page": "S10",
          "full_recognized_page": "S10",
          "compressed_s11_contract_hit": false,
          "full_s11_contract_hit": false,
          "fallback_reason": "compressed_not_s11",
          "pre_dump_strategy": "visual_stabilize_before_dump",
          "pre_dump_stabilize_enabled": true,
          "pre_dump_stabilize_rounds": 3,
          "pre_dump_stabilize_total_ms": 2973,
          "pre_dump_stabilize_ms": 2973,
          "pre_dump_visual_stable": false,
          "dump_started_after_visual_stable": false,
          "dump_started_after_max_wait": true,
          "pre_dump_stabilize_max_wait_ms": 2000,
          "pre_dump_stabilize_interval_ms": 400,
          "pre_dump_stable_rounds_required": 2,
          "pre_dump_stabilize_round_details": [
            {
              "round_index": 1,
              "screenshot_path": "C:\\Users\\lzc93\\Desktop\\定价\\guazi_app_data_system\\artifacts\\screenshots\\s10_to_s11_pre_dump_1_20260507_175738.png",
              "screenshot_ms": 344,
              "dumpsys_ms": 121,
              "focused_window": "com.ganji.android.haoche_c/com.cars.beetle.mp.brl.rn.biz.ReactNativeFragmentActivity",
              "foreground_package": "com.ganji.android.haoche_c",
              "resumed_activity": "",
              "screenshot_changed_from_s10": true,
              "same_as_previous_round": false,
              "stable_observation_count": 1,
              "visual_stable": false
            },
            {
              "round_index": 2,
              "screenshot_path": "C:\\Users\\lzc93\\Desktop\\定价\\guazi_app_data_system\\artifacts\\screenshots\\s10_to_s11_pre_dump_2_20260507_175739.png",
              "screenshot_ms": 410,
              "dumpsys_ms": 124,
              "focused_window": "com.ganji.android.haoche_c/com.cars.beetle.mp.brl.rn.biz.ReactNativeFragmentActivity",
              "foreground_package": "com.ganji.android.haoche_c",
              "resumed_activity": "",
              "screenshot_changed_from_s10": true,
              "same_as_previous_round": false,
              "stable_observation_count": 1,
              "visual_stable": false
            },
            {
              "round_index": 3,
              "screenshot_path": "C:\\Users\\lzc93\\Desktop\\定价\\guazi_app_data_system\\artifacts\\screenshots\\s10_to_s11_pre_dump_3_20260507_175740.png",
              "screenshot_ms": 749,
              "dumpsys_ms": 126,
              "focused_window": "com.ganji.android.haoche_c/com.cars.beetle.mp.brl.rn.biz.ReactNativeFragmentActivity",
              "foreground_package": "com.ganji.android.haoche_c",
              "resumed_activity": "",
              "screenshot_changed_from_s10": true,
              "same_as_previous_round": false,
              "stable_observation_count": 1,
              "visual_stable": false
            }
          ],
          "s10_to_s11_total_fresh_ms": 13960,
          "screenshot_reused_from_pre_dump": true,
          "dump_started_after_visual_change": true,
          "page_load_visual_state": "changed_from_s10",
          "xml_rc": 0,
          "xml_stderr": "",
          "dumpsys_ms": 126,
          "capture_total_ms": 11066,
          "recognize_ms": 0,
          "before_xml_sha256": "cbfe0615a11a3ceaf904e3d786953f887e88b3ab863d37da1f329f5bd6e7c451",
          "current_xml_sha256": "98823575d1f1a296eadebc71f11ae3d2442fe1be6412ac09f6d99f22ddab20a7",
          "xml_stale": false,
          "screenshot_changed": true,
          "recognized_page": "S10",
          "visible_text_digest": [
            "图片",
            "亮点",
            "检测",
            "1 / 23",
            "低价车",
            "8新·B",
            "2.52万",
            "2.55万",
            "2.75万",
            "2.52",
            "万",
            "新车含税价13.80万",
            "共优惠",
            "4100元",
            "订金2000元锁定补贴 现场试驾优先提车",
            "活动规则",
            "1成首付0.25万起，月供206元起",
            "更多方案",
            "福",
            "特",
            "克",
            "斯",
            "2",
            "0",
            "1",
            "7",
            "款",
            "两",
            "厢",
            ".",
            "6",
            "L",
            "自",
            "动",
            "舒",
            "适",
            "型",
            "智",
            "行",
            "版"
          ],
          "foreground_package": "com.ganji.android.haoche_c",
          "focused_window": "com.ganji.android.haoche_c/com.cars.beetle.mp.brl.rn.biz.ReactNativeFragmentActivity",
          "activity": ""
        },
        {
          "wait_round_index": 2,
          "screenshot_path": "C:\\Users\\lzc93\\Desktop\\定价\\guazi_app_data_system\\artifacts\\screenshots\\s10_to_s11_pre_dump_2_20260507_175754.png",
          "xml_path": "C:\\Users\\lzc93\\Desktop\\定价\\guazi_app_data_system\\artifacts\\debug\\s10_to_s11_20260507_175755_full_fallback.xml",
          "screenshot_ms": 720,
          "xml_dump_ms": 10332,
          "s10_to_s11_xml_dump_mode": "compressed_then_full",
          "compressed_xml_dump_ms": 5179,
          "full_xml_dump_ms": 5153,
          "compressed_xml_dump_command": "uiautomator dump --compressed",
          "full_xml_dump_command": "uiautomator dump",
          "compressed_xml_dump_rc": 0,
          "full_xml_dump_rc": 0,
          "compressed_xml_path": "C:\\Users\\lzc93\\Desktop\\定价\\guazi_app_data_system\\artifacts\\debug\\s10_to_s11_20260507_175755_compressed.xml",
          "full_xml_path": "C:\\Users\\lzc93\\Desktop\\定价\\guazi_app_data_system\\artifacts\\debug\\s10_to_s11_20260507_175755_full_fallback.xml",
          "compressed_xml_size": 32802,
          "full_xml_size": 85463,
          "compressed_node_count": 96,
          "full_node_count": 252,
          "compressed_recognized_page": "S10",
          "full_recognized_page": "S10",
          "compressed_s11_contract_hit": false,
          "full_s11_contract_hit": false,
          "fallback_reason": "compressed_not_s11",
          "pre_dump_strategy": "visual_stabilize_before_dump",
          "pre_dump_stabilize_enabled": true,
          "pre_dump_stabilize_rounds": 2,
          "pre_dump_stabilize_total_ms": 2698,
          "pre_dump_stabilize_ms": 2698,
          "pre_dump_visual_stable": false,
          "dump_started_after_visual_stable": false,
          "dump_started_after_max_wait": true,
          "pre_dump_stabilize_max_wait_ms": 2000,
          "pre_dump_stabilize_interval_ms": 400,
          "pre_dump_stable_rounds_required": 2,
          "pre_dump_stabilize_round_details": [
            {
              "round_index": 1,
              "screenshot_path": "C:\\Users\\lzc93\\Desktop\\定价\\guazi_app_data_system\\artifacts\\screenshots\\s10_to_s11_pre_dump_1_20260507_175753.png",
              "screenshot_ms": 714,
              "dumpsys_ms": 125,
              "focused_window": "com.ganji.android.haoche_c/com.cars.beetle.mp.brl.rn.biz.ReactNativeFragmentActivity",
              "foreground_package": "com.ganji.android.haoche_c",
              "resumed_activity": "",
              "screenshot_changed_from_s10": true,
              "same_as_previous_round": false,
              "stable_observation_count": 1,
              "visual_stable": false
            },
            {
              "round_index": 2,
              "screenshot_path": "C:\\Users\\lzc93\\Desktop\\定价\\guazi_app_data_system\\artifacts\\screenshots\\s10_to_s11_pre_dump_2_20260507_175754.png",
              "screenshot_ms": 720,
              "dumpsys_ms": 126,
              "focused_window": "com.ganji.android.haoche_c/com.cars.beetle.mp.brl.rn.biz.ReactNativeFragmentActivity",
              "foreground_package": "com.ganji.android.haoche_c",
              "resumed_activity": "",
              "screenshot_changed_from_s10": true,
              "same_as_previous_round": false,
              "stable_observation_count": 1,
              "visual_stable": false
            }
          ],
          "s10_to_s11_total_fresh_ms": 13030,
          "screenshot_reused_from_pre_dump": true,
          "dump_started_after_visual_change": true,
          "page_load_visual_state": "changed_from_s10",
          "xml_rc": 0,
          "xml_stderr": "",
          "dumpsys_ms": 126,
          "capture_total_ms": 10415,
          "recognize_ms": 0,
          "before_xml_sha256": "cbfe0615a11a3ceaf904e3d786953f887e88b3ab863d37da1f329f5bd6e7c451",
          "current_xml_sha256": "98823575d1f1a296eadebc71f11ae3d2442fe1be6412ac09f6d99f22ddab20a7",
          "xml_stale": false,
          "screenshot_changed": true,
          "recognized_page": "S10",
          "visible_text_digest": [
            "图片",
            "亮点",
            "检测",
            "1 / 23",
            "低价车",
            "8新·B",
            "2.52万",
            "2.55万",
            "2.75万",
            "2.52",
            "万",
            "新车含税价13.80万",
            "共优惠",
            "4100元",
            "订金2000元锁定补贴 现场试驾优先提车",
            "活动规则",
            "1成首付0.25万起，月供206元起",
            "更多方案",
            "福",
            "特",
            "克",
            "斯",
            "2",
            "0",
            "1",
            "7",
            "款",
            "两",
            "厢",
            ".",
            "6",
            "L",
            "自",
            "动",
            "舒",
            "适",
            "型",
            "智",
            "行",
            "版"
          ],
          "foreground_package": "com.ganji.android.haoche_c",
          "focused_window": "com.ganji.android.haoche_c/com.cars.beetle.mp.brl.rn.biz.ReactNativeFragmentActivity",
          "activity": ""
        }
      ],
      "wait_round_count": 2,
      "before_xml_sha256": "cbfe0615a11a3ceaf904e3d786953f887e88b3ab863d37da1f329f5bd6e7c451",
      "xml_stale_during_detail_load": false,
      "any_screenshot_changed": true,
      "any_xml_changed": true,
      "short_poll_interval_s": 0.5,
      "total_wait_timeout_s": 15.0
    }
  },
  "returned_list_source": null,
  "returned_list_source_verified": null,
  "s14_records": [],
  "s14_skip_count": 0,
  "s14_collect_done": false,
  "all_s14_tabs": null,
  "s14_tab_records": [],
  "s14_image_records": [],
  "s14_horizontal_swipes": [],
  "s14_sequence_terminal_snapshot": null,
  "s14_return_attempts": null,
  "target_score": null,
  "selection": null
}
